year,month,user_id,income,expense,savings,savings_rate,expense_ratio
2019,1,U010,0.0,852.0,-852.0,0.0,0.0
2019,1,U015,0.0,267.0,-267.0,0.0,0.0
2019,1,U019,0.0,104.0,-104.0,0.0,0.0
2019,1,U026,0.0,425.0,-425.0,0.0,0.0
2019,1,U028,0.0,1264.0,-1264.0,0.0,0.0
2019,1,U029,0.0,162.0,-162.0,0.0,0.0
2019,1,U039,0.0,351.0,-351.0,0.0,0.0
2019,1,U040,0.0,180.0,-180.0,0.0,0.0
2019,1,U042,0.0,592.0,-592.0,0.0,0.0
2019,1,U054,0.0,257.0,-257.0,0.0,0.0
2019,1,U065,0.0,2116.0,-2116.0,0.0,0.0
2019,1,U067,0.0,537.0,-537.0,0.0,0.0
2019,1,U073,57000.0,0.0,57000.0,1.0,0.0
2019,1,U079,0.0,6364.0,-6364.0,0.0,0.0
2019,1,U081,88213.0,0.0,88213.0,1.0,0.0
2019,1,U085,44995.0,0.0,44995.0,1.0,0.0
2019,1,U087,0.0,397.0,-397.0,0.0,0.0
2019,1,U090,0.0,3791.0,-3791.0,0.0,0.0
2019,1,U091,0.0,194.0,-194.0,0.0,0.0
2019,1,U092,0.0,379.0,-379.0,0.0,0.0
2019,1,U093,0.0,155.0,-155.0,0.0,0.0
2019,1,U095,0.0,364.0,-364.0,0.0,0.0
2019,1,U102,0.0,97.0,-97.0,0.0,0.0
2019,1,U105,0.0,1009.0,-1009.0,0.0,0.0
2019,1,U107,0.0,2108.0,-2108.0,0.0,0.0
2019,1,U108,0.0,450.0,-450.0,0.0,0.0
2019,1,U118,0.0,299.0,-299.0,0.0,0.0
2019,1,U125,0.0,525.0,-525.0,0.0,0.0
2019,1,U127,54080.0,0.0,54080.0,1.0,0.0
2019,1,U142,0.0,143.0,-143.0,0.0,0.0
2019,1,U163,0.0,1033.0,-1033.0,0.0,0.0
2019,1,U176,0.0,39.0,-39.0,0.0,0.0
2019,1,U180,0.0,383.0,-383.0,0.0,0.0
2019,1,U182,0.0,2464.0,-2464.0,0.0,0.0
2019,1,U185,0.0,1658.0,-1658.0,0.0,0.0
2019,1,U190,74095.0,0.0,74095.0,1.0,0.0
2019,2,U002,0.0,843.0,-843.0,0.0,0.0
2019,2,U009,0.0,3154.0,-3154.0,0.0,0.0
2019,2,U011,0.0,1069.0,-1069.0,0.0,0.0
2019,2,U014,0.0,118.0,-118.0,0.0,0.0
2019,2,U015,0.0,1560.0,-1560.0,0.0,0.0
2019,2,U017,0.0,127.0,-127.0,0.0,0.0
2019,2,U018,0.0,1052.0,-1052.0,0.0,0.0
2019,2,U019,0.0,762.0,-762.0,0.0,0.0
2019,2,U027,0.0,1460.0,-1460.0,0.0,0.0
2019,2,U028,0.0,575.0,-575.0,0.0,0.0
2019,2,U040,0.0,2414.0,-2414.0,0.0,0.0
2019,2,U042,0.0,2209.0,-2209.0,0.0,0.0
2019,2,U058,0.0,131.0,-131.0,0.0,0.0
2019,2,U059,0.0,248.0,-248.0,0.0,0.0
2019,2,U060,0.0,430.0,-430.0,0.0,0.0
2019,2,U074,0.0,40.0,-40.0,0.0,0.0
2019,2,U076,64643.0,0.0,64643.0,1.0,0.0
2019,2,U083,0.0,390.0,-390.0,0.0,0.0
2019,2,U090,0.0,177.0,-177.0,0.0,0.0
2019,2,U101,0.0,1398.0,-1398.0,0.0,0.0
2019,2,U107,0.0,1011.0,-1011.0,0.0,0.0
2019,2,U108,147536.0,0.0,147536.0,1.0,0.0
2019,2,U118,0.0,524.0,-524.0,0.0,0.0
2019,2,U119,105720.0,999999.0,-894279.0,-8.458938706015891,9.458938706015891
2019,2,U122,0.0,339.0,-339.0,0.0,0.0
2019,2,U123,0.0,399.0,-399.0,0.0,0.0
2019,2,U131,0.0,165.0,-165.0,0.0,0.0
2019,2,U144,0.0,150.0,-150.0,0.0,0.0
2019,2,U150,0.0,258.0,-258.0,0.0,0.0
2019,2,U153,0.0,156.0,-156.0,0.0,0.0
2019,2,U160,0.0,385.0,-385.0,0.0,0.0
2019,2,U163,40577.0,0.0,40577.0,1.0,0.0
2019,2,U165,0.0,119.0,-119.0,0.0,0.0
2019,2,U167,0.0,972.0,-972.0,0.0,0.0
2019,2,U168,0.0,1510.0,-1510.0,0.0,0.0
2019,2,U170,0.0,49.0,-49.0,0.0,0.0
2019,2,U176,85604.0,0.0,85604.0,1.0,0.0
2019,2,U178,0.0,206.0,-206.0,0.0,0.0
2019,2,U181,0.0,584.0,-584.0,0.0,0.0
2019,2,U182,74790.0,0.0,74790.0,1.0,0.0
2019,2,U186,0.0,364.0,-364.0,0.0,0.0
2019,2,U190,0.0,116.0,-116.0,0.0,0.0
2019,3,U003,0.0,432.0,-432.0,0.0,0.0
2019,3,U009,0.0,692.0,-692.0,0.0,0.0
2019,3,U012,0.0,233.0,-233.0,0.0,0.0
2019,3,U014,0.0,70.0,-70.0,0.0,0.0
2019,3,U016,0.0,223.0,-223.0,0.0,0.0
2019,3,U018,0.0,122.0,-122.0,0.0,0.0
2019,3,U023,0.0,646.0,-646.0,0.0,0.0
2019,3,U025,0.0,482.0,-482.0,0.0,0.0
2019,3,U029,68355.0,0.0,68355.0,1.0,0.0
2019,3,U030,0.0,653.0,-653.0,0.0,0.0
2019,3,U033,0.0,150.0,-150.0,0.0,0.0
2019,3,U034,0.0,206.0,-206.0,0.0,0.0
2019,3,U035,0.0,977.0,-977.0,0.0,0.0
2019,3,U037,0.0,867.0,-867.0,0.0,0.0
2019,3,U039,0.0,2389.0,-2389.0,0.0,0.0
2019,3,U041,0.0,86.0,-86.0,0.0,0.0
2019,3,U065,0.0,205.0,-205.0,0.0,0.0
2019,3,U069,0.0,855.0,-855.0,0.0,0.0
2019,3,U074,0.0,947.0,-947.0,0.0,0.0
2019,3,U076,0.0,31.0,-31.0,0.0,0.0
2019,3,U087,0.0,428.0,-428.0,0.0,0.0
2019,3,U094,0.0,1059.0,-1059.0,0.0,0.0
2019,3,U098,42147.0,0.0,42147.0,1.0,0.0
2019,3,U102,0.0,200.0,-200.0,0.0,0.0
2019,3,U103,0.0,21.0,-21.0,0.0,0.0
2019,3,U106,0.0,226.0,-226.0,0.0,0.0
2019,3,U107,0.0,2021.0,-2021.0,0.0,0.0
2019,3,U110,80518.0,3194.0,77324.0,0.9603318512630716,0.03966814873692839
2019,3,U113,0.0,1005.0,-1005.0,0.0,0.0
2019,3,U116,0.0,86.0,-86.0,0.0,0.0
2019,3,U117,0.0,398.0,-398.0,0.0,0.0
2019,3,U122,0.0,508.0,-508.0,0.0,0.0
2019,3,U126,72011.0,0.0,72011.0,1.0,0.0
2019,3,U133,84045.0,0.0,84045.0,1.0,0.0
2019,3,U134,0.0,298.0,-298.0,0.0,0.0
2019,3,U135,0.0,-477.0,477.0,0.0,0.0
2019,3,U140,0.0,103.0,-103.0,0.0,0.0
2019,3,U142,0.0,1012.0,-1012.0,0.0,0.0
2019,3,U154,0.0,606.0,-606.0,0.0,0.0
2019,3,U156,0.0,353.0,-353.0,0.0,0.0
2019,3,U159,0.0,206.0,-206.0,0.0,0.0
2019,3,U161,0.0,3091.0,-3091.0,0.0,0.0
2019,3,U163,127970.0,0.0,127970.0,1.0,0.0
2019,3,U167,69051.0,0.0,69051.0,1.0,0.0
2019,3,U168,0.0,264.0,-264.0,0.0,0.0
2019,3,U169,0.0,3551.0,-3551.0,0.0,0.0
2019,3,U173,0.0,576.0,-576.0,0.0,0.0
2019,3,U176,0.0,1696.0,-1696.0,0.0,0.0
2019,3,U187,0.0,341.0,-341.0,0.0,0.0
2019,3,U188,0.0,3141.0,-3141.0,0.0,0.0
2019,3,U190,0.0,337.0,-337.0,0.0,0.0
2019,4,U007,70811.0,0.0,70811.0,1.0,0.0
2019,4,U011,0.0,1076.0,-1076.0,0.0,0.0
2019,4,U012,0.0,528.0,-528.0,0.0,0.0
2019,4,U019,0.0,5166.0,-5166.0,0.0,0.0
2019,4,U020,0.0,823.0,-823.0,0.0,0.0
2019,4,U025,0.0,204.0,-204.0,0.0,0.0
2019,4,U035,0.0,963.0,-963.0,0.0,0.0
2019,4,U041,0.0,630.0,-630.0,0.0,0.0
2019,4,U043,68683.0,0.0,68683.0,1.0,0.0
2019,4,U050,0.0,1770.0,-1770.0,0.0,0.0
2019,4,U057,52232.0,0.0,52232.0,1.0,0.0
2019,4,U074,124584.0,0.0,124584.0,1.0,0.0
2019,4,U075,0.0,100.0,-100.0,0.0,0.0
2019,4,U076,0.0,65.0,-65.0,0.0,0.0
2019,4,U078,0.0,663.0,-663.0,0.0,0.0
2019,4,U079,51348.0,0.0,51348.0,1.0,0.0
2019,4,U083,0.0,458.0,-458.0,0.0,0.0
2019,4,U091,0.0,305.0,-305.0,0.0,0.0
2019,4,U103,69445.0,0.0,69445.0,1.0,0.0
2019,4,U104,44214.0,0.0,44214.0,1.0,0.0
2019,4,U114,0.0,1795.0,-1795.0,0.0,0.0
2019,4,U116,0.0,93.0,-93.0,0.0,0.0
2019,4,U121,43755.0,0.0,43755.0,1.0,0.0
2019,4,U122,0.0,720.0,-720.0,0.0,0.0
2019,4,U124,0.0,980.0,-980.0,0.0,0.0
2019,4,U126,0.0,713.0,-713.0,0.0,0.0
2019,4,U128,0.0,601.0,-601.0,0.0,0.0
2019,4,U145,0.0,226.0,-226.0,0.0,0.0
2019,4,U147,0.0,8096.0,-8096.0,0.0,0.0
2019,4,U154,82130.0,116.0,82014.0,0.9985876050164374,0.0014123949835626445
2019,4,U158,32642.0,0.0,32642.0,1.0,0.0
2019,4,U160,0.0,1730.0,-1730.0,0.0,0.0
2019,4,U161,0.0,460.0,-460.0,0.0,0.0
2019,4,U163,0.0,1049.0,-1049.0,0.0,0.0
2019,4,U175,0.0,1828.0,-1828.0,0.0,0.0
2019,4,U176,0.0,1159.0,-1159.0,0.0,0.0
2019,4,U182,0.0,2195.0,-2195.0,0.0,0.0
2019,4,U189,0.0,156.0,-156.0,0.0,0.0
2019,4,U192,46988.0,0.0,46988.0,1.0,0.0
2019,5,U002,75910.0,0.0,75910.0,1.0,0.0
2019,5,U003,69726.0,493.0,69233.0,0.992929466769928,0.007070533230071996
2019,5,U005,0.0,225.0,-225.0,0.0,0.0
2019,5,U011,0.0,280.0,-280.0,0.0,0.0
2019,5,U015,0.0,423.0,-423.0,0.0,0.0
2019,5,U016,0.0,551.0,-551.0,0.0,0.0
2019,5,U030,0.0,854.0,-854.0,0.0,0.0
2019,5,U032,32484.0,0.0,32484.0,1.0,0.0
2019,5,U037,0.0,590.0,-590.0,0.0,0.0
2019,5,U038,0.0,676.0,-676.0,0.0,0.0
2019,5,U046,0.0,1446.0,-1446.0,0.0,0.0
2019,5,U057,0.0,546.0,-546.0,0.0,0.0
2019,5,U064,0.0,1325.0,-1325.0,0.0,0.0
2019,5,U065,0.0,3935.0,-3935.0,0.0,0.0
2019,5,U066,47556.0,0.0,47556.0,1.0,0.0
2019,5,U075,0.0,371.0,-371.0,0.0,0.0
2019,5,U077,0.0,321.0,-321.0,0.0,0.0
2019,5,U079,0.0,778.0,-778.0,0.0,0.0
2019,5,U085,0.0,146.0,-146.0,0.0,0.0
2019,5,U092,0.0,166.0,-166.0,0.0,0.0
2019,5,U093,0.0,153.0,-153.0,0.0,0.0
2019,5,U094,0.0,693.0,-693.0,0.0,0.0
2019,5,U108,0.0,4747.0,-4747.0,0.0,0.0
2019,5,U110,63511.0,0.0,63511.0,1.0,0.0
2019,5,U116,0.0,717.0,-717.0,0.0,0.0
2019,5,U117,0.0,1735.0,-1735.0,0.0,0.0
2019,5,U118,0.0,628.0,-628.0,0.0,0.0
2019,5,U124,0.0,726.0,-726.0,0.0,0.0
2019,5,U136,0.0,106.0,-106.0,0.0,0.0
2019,5,U137,0.0,186.0,-186.0,0.0,0.0
2019,5,U145,0.0,110.0,-110.0,0.0,0.0
2019,5,U149,0.0,647.0,-647.0,0.0,0.0
2019,5,U156,54851.0,0.0,54851.0,1.0,0.0
2019,5,U159,0.0,44.0,-44.0,0.0,0.0
2019,5,U162,0.0,1365.0,-1365.0,0.0,0.0
2019,5,U163,57565.0,0.0,57565.0,1.0,0.0
2019,5,U165,0.0,183.0,-183.0,0.0,0.0
2019,5,U175,135324.0,2568.0,132756.0,0.9810233218054447,0.01897667819455529
2019,5,U181,27496.0,0.0,27496.0,1.0,0.0
2019,5,U183,39404.0,1289.0,38115.0,0.9672875850167496,0.032712414983250435
2019,5,U188,0.0,448.0,-448.0,0.0,0.0
2019,5,U190,0.0,314.0,-314.0,0.0,0.0
2019,6,U007,0.0,180.0,-180.0,0.0,0.0
2019,6,U010,0.0,116.0,-116.0,0.0,0.0
2019,6,U018,0.0,1258.0,-1258.0,0.0,0.0
2019,6,U021,0.0,3107.0,-3107.0,0.0,0.0
2019,6,U036,0.0,160.0,-160.0,0.0,0.0
2019,6,U039,75939.0,0.0,75939.0,1.0,0.0
2019,6,U049,0.0,-495.0,495.0,0.0,0.0
2019,6,U054,0.0,74.0,-74.0,0.0,0.0
2019,6,U058,41290.0,0.0,41290.0,1.0,0.0
2019,6,U059,42767.0,0.0,42767.0,1.0,0.0
2019,6,U074,0.0,1560.0,-1560.0,0.0,0.0
2019,6,U075,0.0,204.0,-204.0,0.0,0.0
2019,6,U077,0.0,254.0,-254.0,0.0,0.0
2019,6,U079,0.0,2393.0,-2393.0,0.0,0.0
2019,6,U091,67371.0,0.0,67371.0,1.0,0.0
2019,6,U092,52153.0,0.0,52153.0,1.0,0.0
2019,6,U101,0.0,470.0,-470.0,0.0,0.0
2019,6,U103,0.0,458.0,-458.0,0.0,0.0
2019,6,U108,0.0,1050.0,-1050.0,0.0,0.0
2019,6,U111,0.0,211.0,-211.0,0.0,0.0
2019,6,U114,60588.0,0.0,60588.0,1.0,0.0
2019,6,U123,0.0,169.0,-169.0,0.0,0.0
2019,6,U144,0.0,2685.0,-2685.0,0.0,0.0
2019,6,U146,0.0,1379.0,-1379.0,0.0,0.0
2019,6,U150,0.0,1377.0,-1377.0,0.0,0.0
2019,6,U153,42932.0,2353.0,40579.0,0.9451923972794186,0.05480760272058138
2019,6,U154,0.0,729.0,-729.0,0.0,0.0
2019,6,U167,0.0,133.0,-133.0,0.0,0.0
2019,6,U168,0.0,1713.0,-1713.0,0.0,0.0
2019,6,U171,0.0,2104.0,-2104.0,0.0,0.0
2019,6,U174,0.0,357.0,-357.0,0.0,0.0
2019,6,U182,0.0,3300.0,-3300.0,0.0,0.0
2019,7,U014,0.0,70.0,-70.0,0.0,0.0
2019,7,U015,0.0,37.0,-37.0,0.0,0.0
2019,7,U023,0.0,436.0,-436.0,0.0,0.0
2019,7,U025,0.0,361.0,-361.0,0.0,0.0
2019,7,U028,53160.0,0.0,53160.0,1.0,0.0
2019,7,U034,0.0,178.0,-178.0,0.0,0.0
2019,7,U038,0.0,167.0,-167.0,0.0,0.0
2019,7,U042,0.0,466.0,-466.0,0.0,0.0
2019,7,U047,0.0,188.0,-188.0,0.0,0.0
2019,7,U056,0.0,474.0,-474.0,0.0,0.0
2019,7,U059,0.0,1000107.0,-1000107.0,0.0,0.0
2019,7,U060,65632.0,312.0,65320.0,0.9952462213554364,0.0047537786445636275
2019,7,U067,0.0,36.0,-36.0,0.0,0.0
2019,7,U071,68463.0,0.0,68463.0,1.0,0.0
2019,7,U076,0.0,76.0,-76.0,0.0,0.0
2019,7,U078,0.0,378.0,-378.0,0.0,0.0
2019,7,U079,0.0,1670.0,-1670.0,0.0,0.0
2019,7,U084,0.0,152.0,-152.0,0.0,0.0
2019,7,U087,0.0,1774.0,-1774.0,0.0,0.0
2019,7,U091,0.0,863.0,-863.0,0.0,0.0
2019,7,U094,0.0,246.0,-246.0,0.0,0.0
2019,7,U099,0.0,4400.0,-4400.0,0.0,0.0
2019,7,U105,0.0,223.0,-223.0,0.0,0.0
2019,7,U107,59591.0,60.0,59531.0,0.9989931365474652,0.0010068634525347787
2019,7,U111,0.0,517.0,-517.0,0.0,0.0
2019,7,U113,46491.0,0.0,46491.0,1.0,0.0
2019,7,U117,0.0,910.0,-910.0,0.0,0.0
2019,7,U122,0.0,87.0,-87.0,0.0,0.0
2019,7,U125,0.0,875.0,-875.0,0.0,0.0
2019,7,U137,0.0,7141.0,-7141.0,0.0,0.0
2019,7,U145,0.0,232.0,-232.0,0.0,0.0
2019,7,U146,73046.0,0.0,73046.0,1.0,0.0
2019,7,U148,70850.0,0.0,70850.0,1.0,0.0
2019,7,U151,0.0,653.0,-653.0,0.0,0.0
2019,7,U159,0.0,383.0,-383.0,0.0,0.0
2019,7,U160,0.0,912.0,-912.0,0.0,0.0
2019,7,U162,0.0,651.0,-651.0,0.0,0.0
2019,7,U171,0.0,138.0,-138.0,0.0,0.0
2019,7,U186,0.0,827.0,-827.0,0.0,0.0
2019,7,U188,0.0,79.0,-79.0,0.0,0.0
2019,7,U191,0.0,66.0,-66.0,0.0,0.0
2019,7,U192,0.0,157.0,-157.0,0.0,0.0
2019,8,U001,54358.0,0.0,54358.0,1.0,0.0
2019,8,U007,64905.0,0.0,64905.0,1.0,0.0
2019,8,U008,0.0,225.0,-225.0,0.0,0.0
2019,8,U009,0.0,211.0,-211.0,0.0,0.0
2019,8,U010,0.0,1246.0,-1246.0,0.0,0.0
2019,8,U011,61099.0,0.0,61099.0,1.0,0.0
2019,8,U019,0.0,1421.0,-1421.0,0.0,0.0
2019,8,U020,0.0,424.0,-424.0,0.0,0.0
2019,8,U021,0.0,132.0,-132.0,0.0,0.0
2019,8,U022,0.0,5122.0,-5122.0,0.0,0.0
2019,8,U024,0.0,4513.0,-4513.0,0.0,0.0
2019,8,U026,0.0,123.0,-123.0,0.0,0.0
2019,8,U030,0.0,799.0,-799.0,0.0,0.0
2019,8,U035,0.0,116.0,-116.0,0.0,0.0
2019,8,U037,0.0,2242.0,-2242.0,0.0,0.0
2019,8,U039,0.0,181.0,-181.0,0.0,0.0
2019,8,U041,64523.0,35.0,64488.0,0.9994575577700975,0.0005424422299025154
2019,8,U045,0.0,331.0,-331.0,0.0,0.0
2019,8,U049,51038.0,0.0,51038.0,1.0,0.0
2019,8,U053,0.0,601.0,-601.0,0.0,0.0
2019,8,U067,0.0,504.0,-504.0,0.0,0.0
2019,8,U070,0.0,833.0,-833.0,0.0,0.0
2019,8,U071,0.0,189.0,-189.0,0.0,0.0
2019,8,U074,0.0,286.0,-286.0,0.0,0.0
2019,8,U075,0.0,200.0,-200.0,0.0,0.0
2019,8,U081,0.0,54.0,-54.0,0.0,0.0
2019,8,U082,0.0,236.0,-236.0,0.0,0.0
2019,8,U096,0.0,281.0,-281.0,0.0,0.0
2019,8,U097,0.0,123.0,-123.0,0.0,0.0
2019,8,U098,0.0,185.0,-185.0,0.0,0.0
2019,8,U101,64241.0,0.0,64241.0,1.0,0.0
2019,8,U102,0.0,134.0,-134.0,0.0,0.0
2019,8,U105,0.0,8576.0,-8576.0,0.0,0.0
2019,8,U118,0.0,2194.0,-2194.0,0.0,0.0
2019,8,U127,69765.0,0.0,69765.0,1.0,0.0
2019,8,U139,0.0,289.0,-289.0,0.0,0.0
2019,8,U144,0.0,522.0,-522.0,0.0,0.0
2019,8,U150,0.0,1381.0,-1381.0,0.0,0.0
2019,8,U151,80555.0,0.0,80555.0,1.0,0.0
2019,8,U158,0.0,658.0,-658.0,0.0,0.0
2019,8,U168,83243.0,1965.0,81278.0,0.9763944115421116,0.023605588457888352
2019,8,U178,0.0,458.0,-458.0,0.0,0.0
2019,8,U179,40312.0,0.0,40312.0,1.0,0.0
2019,8,U183,0.0,665.0,-665.0,0.0,0.0
2019,8,U184,0.0,220.0,-220.0,0.0,0.0
2019,8,U188,0.0,2442.0,-2442.0,0.0,0.0
2019,8,U190,0.0,59.0,-59.0,0.0,0.0
2019,8,U192,69187.0,0.0,69187.0,1.0,0.0
2019,9,U002,66773.0,0.0,66773.0,1.0,0.0
2019,9,U005,0.0,1106.0,-1106.0,0.0,0.0
2019,9,U008,0.0,2823.0,-2823.0,0.0,0.0
2019,9,U014,0.0,592.0,-592.0,0.0,0.0
2019,9,U016,0.0,1723.0,-1723.0,0.0,0.0
2019,9,U019,0.0,854.0,-854.0,0.0,0.0
2019,9,U022,0.0,195.0,-195.0,0.0,0.0
2019,9,U025,0.0,771.0,-771.0,0.0,0.0
2019,9,U028,0.0,289.0,-289.0,0.0,0.0
2019,9,U031,0.0,310.0,-310.0,0.0,0.0
2019,9,U042,0.0,352.0,-352.0,0.0,0.0
2019,9,U044,0.0,735.0,-735.0,0.0,0.0
2019,9,U045,65529.0,0.0,65529.0,1.0,0.0
2019,9,U055,0.0,18.0,-18.0,0.0,0.0
2019,9,U058,67648.0,0.0,67648.0,1.0,0.0
2019,9,U061,78330.0,73.0,78257.0,0.9990680454487425,0.0009319545512575003
2019,9,U071,0.0,1618.0,-1618.0,0.0,0.0
2019,9,U079,0.0,36.0,-36.0,0.0,0.0
2019,9,U081,0.0,886.0,-886.0,0.0,0.0
2019,9,U082,0.0,527.0,-527.0,0.0,0.0
2019,9,U087,0.0,1628.0,-1628.0,0.0,0.0
2019,9,U089,104472.0,0.0,104472.0,1.0,0.0
2019,9,U093,0.0,359.0,-359.0,0.0,0.0
2019,9,U094,0.0,1924.0,-1924.0,0.0,0.0
2019,9,U098,0.0,79.0,-79.0,0.0,0.0
2019,9,U100,0.0,130.0,-130.0,0.0,0.0
2019,9,U106,0.0,717.0,-717.0,0.0,0.0
2019,9,U118,0.0,3044.0,-3044.0,0.0,0.0
2019,9,U120,92136.0,0.0,92136.0,1.0,0.0
2019,9,U121,0.0,346.0,-346.0,0.0,0.0
2019,9,U125,0.0,2657.0,-2657.0,0.0,0.0
2019,9,U126,0.0,653.0,-653.0,0.0,0.0
2019,9,U128,0.0,91.0,-91.0,0.0,0.0
2019,9,U131,0.0,568.0,-568.0,0.0,0.0
2019,9,U134,52781.0,0.0,52781.0,1.0,0.0
2019,9,U135,0.0,327.0,-327.0,0.0,0.0
2019,9,U145,0.0,149.0,-149.0,0.0,0.0
2019,9,U150,0.0,681.0,-681.0,0.0,0.0
2019,9,U168,0.0,807.0,-807.0,0.0,0.0
2019,9,U171,0.0,1723.0,-1723.0,0.0,0.0
2019,9,U175,0.0,316.0,-316.0,0.0,0.0
2019,9,U176,0.0,84.0,-84.0,0.0,0.0
2019,9,U181,0.0,625.0,-625.0,0.0,0.0
2019,10,U001,0.0,433.0,-433.0,0.0,0.0
2019,10,U005,75167.0,0.0,75167.0,1.0,0.0
2019,10,U009,0.0,764.0,-764.0,0.0,0.0
2019,10,U016,0.0,78.0,-78.0,0.0,0.0
2019,10,U017,0.0,622.0,-622.0,0.0,0.0
2019,10,U024,81837.0,623.0,81214.0,0.9923873064750663,0.00761269352493371
2019,10,U050,0.0,1040.0,-1040.0,0.0,0.0
2019,10,U053,0.0,273.0,-273.0,0.0,0.0
2019,10,U054,0.0,1025.0,-1025.0,0.0,0.0
2019,10,U056,0.0,2083.0,-2083.0,0.0,0.0
2019,10,U062,0.0,1489.0,-1489.0,0.0,0.0
2019,10,U064,0.0,1896.0,-1896.0,0.0,0.0
2019,10,U065,55293.0,0.0,55293.0,1.0,0.0
2019,10,U068,0.0,2605.0,-2605.0,0.0,0.0
2019,10,U069,72219.0,871.0,71348.0,0.9879394619144547,0.012060538085545355
2019,10,U073,0.0,456.0,-456.0,0.0,0.0
2019,10,U075,0.0,208.0,-208.0,0.0,0.0
2019,10,U076,0.0,761.0,-761.0,0.0,0.0
2019,10,U078,0.0,778.0,-778.0,0.0,0.0
2019,10,U081,0.0,287.0,-287.0,0.0,0.0
2019,10,U084,0.0,103.0,-103.0,0.0,0.0
2019,10,U085,0.0,292.0,-292.0,0.0,0.0
2019,10,U087,0.0,118.0,-118.0,0.0,0.0
2019,10,U092,0.0,561.0,-561.0,0.0,0.0
2019,10,U097,55210.0,0.0,55210.0,1.0,0.0
2019,10,U099,0.0,265.0,-265.0,0.0,0.0
2019,10,U100,0.0,359.0,-359.0,0.0,0.0
2019,10,U105,0.0,154.0,-154.0,0.0,0.0
2019,10,U116,0.0,121.0,-121.0,0.0,0.0
2019,10,U117,0.0,531.0,-531.0,0.0,0.0
2019,10,U127,71939.0,0.0,71939.0,1.0,0.0
2019,10,U134,0.0,253.0,-253.0,0.0,0.0
2019,10,U136,0.0,189.0,-189.0,0.0,0.0
2019,10,U137,0.0,1438.0,-1438.0,0.0,0.0
2019,10,U146,0.0,1033.0,-1033.0,0.0,0.0
2019,10,U147,0.0,244.0,-244.0,0.0,0.0
2019,10,U155,0.0,380.0,-380.0,0.0,0.0
2019,10,U158,63239.0,108.0,63131.0,0.9982921931086829,0.001707806891317067
2019,10,U174,71102.0,0.0,71102.0,1.0,0.0
2019,10,U184,68098.0,0.0,68098.0,1.0,0.0
2019,10,U187,0.0,635.0,-635.0,0.0,0.0
2019,11,U016,0.0,272.0,-272.0,0.0,0.0
2019,11,U019,0.0,232.0,-232.0,0.0,0.0
2019,11,U028,0.0,11844.0,-11844.0,0.0,0.0
2019,11,U033,0.0,999999.0,-999999.0,0.0,0.0
2019,11,U041,53536.0,0.0,53536.0,1.0,0.0
2019,11,U048,0.0,2104.0,-2104.0,0.0,0.0
2019,11,U051,45038.0,0.0,45038.0,1.0,0.0
2019,11,U052,0.0,44.0,-44.0,0.0,0.0
2019,11,U058,0.0,264.0,-264.0,0.0,0.0
2019,11,U081,0.0,-798.0,798.0,0.0,0.0
2019,11,U084,0.0,626.0,-626.0,0.0,0.0
2019,11,U093,0.0,2951.0,-2951.0,0.0,0.0
2019,11,U096,0.0,864.0,-864.0,0.0,0.0
2019,11,U097,0.0,6321.0,-6321.0,0.0,0.0
2019,11,U099,0.0,45.0,-45.0,0.0,0.0
2019,11,U100,0.0,139.0,-139.0,0.0,0.0
2019,11,U101,0.0,406.0,-406.0,0.0,0.0
2019,11,U103,0.0,60.0,-60.0,0.0,0.0
2019,11,U107,0.0,746.0,-746.0,0.0,0.0
2019,11,U109,0.0,818.0,-818.0,0.0,0.0
2019,11,U110,0.0,535.0,-535.0,0.0,0.0
2019,11,U117,0.0,527.0,-527.0,0.0,0.0
2019,11,U123,51362.0,274.0,51088.0,0.9946653167711538,0.005334683228846229
2019,11,U127,57350.0,0.0,57350.0,1.0,0.0
2019,11,U139,0.0,491.0,-491.0,0.0,0.0
2019,11,U142,0.0,448.0,-448.0,0.0,0.0
2019,11,U148,0.0,615.0,-615.0,0.0,0.0
2019,11,U153,0.0,866.0,-866.0,0.0,0.0
2019,11,U160,0.0,524.0,-524.0,0.0,0.0
2019,11,U161,63235.0,0.0,63235.0,1.0,0.0
2019,11,U162,45245.0,0.0,45245.0,1.0,0.0
2019,11,U184,0.0,2428.0,-2428.0,0.0,0.0
2019,12,U003,0.0,1520.0,-1520.0,0.0,0.0
2019,12,U005,0.0,591.0,-591.0,0.0,0.0
2019,12,U007,0.0,20.0,-20.0,0.0,0.0
2019,12,U010,0.0,1707.0,-1707.0,0.0,0.0
2019,12,U011,0.0,866.0,-866.0,0.0,0.0
2019,12,U024,0.0,303.0,-303.0,0.0,0.0
2019,12,U036,55619.0,0.0,55619.0,1.0,0.0
2019,12,U038,0.0,2502.0,-2502.0,0.0,0.0
2019,12,U048,0.0,580.0,-580.0,0.0,0.0
2019,12,U049,0.0,999999.0,-999999.0,0.0,0.0
2019,12,U059,0.0,244.0,-244.0,0.0,0.0
2019,12,U060,0.0,513.0,-513.0,0.0,0.0
2019,12,U063,0.0,751.0,-751.0,0.0,0.0
2019,12,U065,0.0,267.0,-267.0,0.0,0.0
2019,12,U067,0.0,66.0,-66.0,0.0,0.0
2019,12,U078,0.0,3903.0,-3903.0,0.0,0.0
2019,12,U084,0.0,206.0,-206.0,0.0,0.0
2019,12,U088,0.0,759.0,-759.0,0.0,0.0
2019,12,U089,0.0,295.0,-295.0,0.0,0.0
2019,12,U100,0.0,3400.0,-3400.0,0.0,0.0
2019,12,U122,0.0,238.0,-238.0,0.0,0.0
2019,12,U126,0.0,265.0,-265.0,0.0,0.0
2019,12,U129,59532.0,0.0,59532.0,1.0,0.0
2019,12,U135,58867.0,0.0,58867.0,1.0,0.0
2019,12,U136,0.0,22.0,-22.0,0.0,0.0
2019,12,U142,0.0,348.0,-348.0,0.0,0.0
2019,12,U153,0.0,616.0,-616.0,0.0,0.0
2019,12,U155,49898.0,0.0,49898.0,1.0,0.0
2019,12,U158,0.0,1537.0,-1537.0,0.0,0.0
2019,12,U160,0.0,222.0,-222.0,0.0,0.0
2019,12,U161,0.0,258.0,-258.0,0.0,0.0
2019,12,U164,0.0,391.0,-391.0,0.0,0.0
2019,12,U166,0.0,171.0,-171.0,0.0,0.0
2019,12,U167,59967.0,0.0,59967.0,1.0,0.0
2019,12,U168,0.0,327.0,-327.0,0.0,0.0
2019,12,U170,0.0,97.0,-97.0,0.0,0.0
2019,12,U172,0.0,70.0,-70.0,0.0,0.0
2019,12,U177,0.0,2547.0,-2547.0,0.0,0.0
2019,12,U179,0.0,1532.0,-1532.0,0.0,0.0
2019,12,U181,0.0,494.0,-494.0,0.0,0.0
2019,12,U184,0.0,37.0,-37.0,0.0,0.0
2019,12,U185,0.0,2098.0,-2098.0,0.0,0.0
2019,12,U187,33362.0,0.0,33362.0,1.0,0.0
2019,12,U188,0.0,858.0,-858.0,0.0,0.0
2019,12,U192,0.0,189.0,-189.0,0.0,0.0
2020,1,U001,44962.0,0.0,44962.0,1.0,0.0
2020,1,U002,0.0,1014.0,-1014.0,0.0,0.0
2020,1,U004,60702.0,1067.0,59635.0,0.9824223254587987,0.01757767454120128
2020,1,U006,0.0,320.0,-320.0,0.0,0.0
2020,1,U011,0.0,510.0,-510.0,0.0,0.0
2020,1,U013,0.0,159.0,-159.0,0.0,0.0
2020,1,U014,0.0,71.0,-71.0,0.0,0.0
2020,1,U017,0.0,405.0,-405.0,0.0,0.0
2020,1,U020,59787.0,0.0,59787.0,1.0,0.0
2020,1,U031,0.0,12930.0,-12930.0,0.0,0.0
2020,1,U032,0.0,137.0,-137.0,0.0,0.0
2020,1,U033,0.0,858.0,-858.0,0.0,0.0
2020,1,U036,0.0,272.0,-272.0,0.0,0.0
2020,1,U038,0.0,2267.0,-2267.0,0.0,0.0
2020,1,U042,0.0,111.0,-111.0,0.0,0.0
2020,1,U048,0.0,305.0,-305.0,0.0,0.0
2020,1,U061,0.0,6265.0,-6265.0,0.0,0.0
2020,1,U063,0.0,199.0,-199.0,0.0,0.0
2020,1,U068,0.0,252.0,-252.0,0.0,0.0
2020,1,U071,0.0,177.0,-177.0,0.0,0.0
2020,1,U077,0.0,2025.0,-2025.0,0.0,0.0
2020,1,U078,0.0,73.0,-73.0,0.0,0.0
2020,1,U083,0.0,385.0,-385.0,0.0,0.0
2020,1,U090,0.0,394.0,-394.0,0.0,0.0
2020,1,U093,0.0,393.0,-393.0,0.0,0.0
2020,1,U097,0.0,759.0,-759.0,0.0,0.0
2020,1,U101,0.0,802.0,-802.0,0.0,0.0
2020,1,U104,0.0,1749.0,-1749.0,0.0,0.0
2020,1,U108,0.0,495.0,-495.0,0.0,0.0
2020,1,U114,0.0,310.0,-310.0,0.0,0.0
2020,1,U115,0.0,789.0,-789.0,0.0,0.0
2020,1,U121,0.0,2505.0,-2505.0,0.0,0.0
2020,1,U123,0.0,1107.0,-1107.0,0.0,0.0
2020,1,U132,0.0,437.0,-437.0,0.0,0.0
2020,1,U137,0.0,88.0,-88.0,0.0,0.0
2020,1,U143,0.0,112.0,-112.0,0.0,0.0
2020,1,U149,0.0,1308.0,-1308.0,0.0,0.0
2020,1,U150,31607.0,0.0,31607.0,1.0,0.0
2020,1,U153,0.0,221.0,-221.0,0.0,0.0
2020,1,U159,0.0,278.0,-278.0,0.0,0.0
2020,1,U161,0.0,401.0,-401.0,0.0,0.0
2020,1,U163,117134.0,0.0,117134.0,1.0,0.0
2020,1,U179,0.0,421.0,-421.0,0.0,0.0
2020,1,U180,0.0,530.0,-530.0,0.0,0.0
2020,1,U191,0.0,1125.0,-1125.0,0.0,0.0
2020,2,U007,0.0,259.0,-259.0,0.0,0.0
2020,2,U009,0.0,1982.0,-1982.0,0.0,0.0
2020,2,U015,0.0,1985.0,-1985.0,0.0,0.0
2020,2,U019,0.0,535.0,-535.0,0.0,0.0
2020,2,U028,0.0,1254.0,-1254.0,0.0,0.0
2020,2,U039,0.0,2463.0,-2463.0,0.0,0.0
2020,2,U041,83267.0,0.0,83267.0,1.0,0.0
2020,2,U042,0.0,303.0,-303.0,0.0,0.0
2020,2,U043,0.0,109.0,-109.0,0.0,0.0
2020,2,U044,0.0,476.0,-476.0,0.0,0.0
2020,2,U045,24467.0,0.0,24467.0,1.0,0.0
2020,2,U050,0.0,1706.0,-1706.0,0.0,0.0
2020,2,U051,94752.0,0.0,94752.0,1.0,0.0
2020,2,U056,0.0,124.0,-124.0,0.0,0.0
2020,2,U063,0.0,464.0,-464.0,0.0,0.0
2020,2,U071,0.0,125.0,-125.0,0.0,0.0
2020,2,U077,0.0,818.0,-818.0,0.0,0.0
2020,2,U078,0.0,965.0,-965.0,0.0,0.0
2020,2,U079,0.0,602.0,-602.0,0.0,0.0
2020,2,U080,0.0,2276.0,-2276.0,0.0,0.0
2020,2,U093,0.0,651.0,-651.0,0.0,0.0
2020,2,U100,0.0,717.0,-717.0,0.0,0.0
2020,2,U104,0.0,4660.0,-4660.0,0.0,0.0
2020,2,U107,0.0,4534.0,-4534.0,0.0,0.0
2020,2,U112,66805.0,0.0,66805.0,1.0,0.0
2020,2,U118,0.0,773.0,-773.0,0.0,0.0
2020,2,U121,0.0,1096.0,-1096.0,0.0,0.0
2020,2,U124,0.0,452.0,-452.0,0.0,0.0
2020,2,U139,0.0,1138.0,-1138.0,0.0,0.0
2020,2,U141,0.0,26.0,-26.0,0.0,0.0
2020,2,U143,0.0,3552.0,-3552.0,0.0,0.0
2020,2,U163,0.0,1206.0,-1206.0,0.0,0.0
2020,2,U173,0.0,279.0,-279.0,0.0,0.0
2020,2,U175,0.0,1949.0,-1949.0,0.0,0.0
2020,2,U181,0.0,298.0,-298.0,0.0,0.0
2020,2,U185,0.0,371.0,-371.0,0.0,0.0
2020,3,U010,0.0,159.0,-159.0,0.0,0.0
2020,3,U011,72563.0,0.0,72563.0,1.0,0.0
2020,3,U018,0.0,60.0,-60.0,0.0,0.0
2020,3,U028,64366.0,0.0,64366.0,1.0,0.0
2020,3,U029,0.0,140.0,-140.0,0.0,0.0
2020,3,U042,42309.0,0.0,42309.0,1.0,0.0
2020,3,U044,0.0,1289.0,-1289.0,0.0,0.0
2020,3,U047,0.0,845.0,-845.0,0.0,0.0
2020,3,U054,0.0,121.0,-121.0,0.0,0.0
2020,3,U056,74232.0,0.0,74232.0,1.0,0.0
2020,3,U059,0.0,2361.0,-2361.0,0.0,0.0
2020,3,U065,0.0,209.0,-209.0,0.0,0.0
2020,3,U066,0.0,263.0,-263.0,0.0,0.0
2020,3,U072,0.0,103.0,-103.0,0.0,0.0
2020,3,U090,0.0,819.0,-819.0,0.0,0.0
2020,3,U092,64199.0,0.0,64199.0,1.0,0.0
2020,3,U094,0.0,1354.0,-1354.0,0.0,0.0
2020,3,U096,0.0,187.0,-187.0,0.0,0.0
2020,3,U100,0.0,973.0,-973.0,0.0,0.0
2020,3,U101,0.0,673.0,-673.0,0.0,0.0
2020,3,U102,0.0,20.0,-20.0,0.0,0.0
2020,3,U105,0.0,314.0,-314.0,0.0,0.0
2020,3,U114,0.0,456.0,-456.0,0.0,0.0
2020,3,U119,0.0,408.0,-408.0,0.0,0.0
2020,3,U121,51981.0,0.0,51981.0,1.0,0.0
2020,3,U123,60263.0,0.0,60263.0,1.0,0.0
2020,3,U131,0.0,1307.0,-1307.0,0.0,0.0
2020,3,U137,62170.0,0.0,62170.0,1.0,0.0
2020,3,U148,0.0,1298.0,-1298.0,0.0,0.0
2020,3,U151,0.0,21.0,-21.0,0.0,0.0
2020,3,U153,0.0,196.0,-196.0,0.0,0.0
2020,3,U163,0.0,250.0,-250.0,0.0,0.0
2020,3,U164,0.0,1009.0,-1009.0,0.0,0.0
2020,3,U171,0.0,1552.0,-1552.0,0.0,0.0
2020,3,U177,0.0,897.0,-897.0,0.0,0.0
2020,3,U178,0.0,1187.0,-1187.0,0.0,0.0
2020,3,U190,0.0,1102.0,-1102.0,0.0,0.0
2020,3,U192,75719.0,0.0,75719.0,1.0,0.0
2020,4,U002,0.0,1032.0,-1032.0,0.0,0.0
2020,4,U016,0.0,759.0,-759.0,0.0,0.0
2020,4,U018,0.0,682.0,-682.0,0.0,0.0
2020,4,U026,0.0,155.0,-155.0,0.0,0.0
2020,4,U034,0.0,744.0,-744.0,0.0,0.0
2020,4,U035,0.0,1353.0,-1353.0,0.0,0.0
2020,4,U038,0.0,1157.0,-1157.0,0.0,0.0
2020,4,U040,76904.0,0.0,76904.0,1.0,0.0
2020,4,U044,0.0,1144.0,-1144.0,0.0,0.0
2020,4,U047,0.0,417.0,-417.0,0.0,0.0
2020,4,U049,0.0,1051.0,-1051.0,0.0,0.0
2020,4,U051,0.0,105.0,-105.0,0.0,0.0
2020,4,U054,0.0,992.0,-992.0,0.0,0.0
2020,4,U057,0.0,413.0,-413.0,0.0,0.0
2020,4,U060,0.0,1003.0,-1003.0,0.0,0.0
2020,4,U063,0.0,1567.0,-1567.0,0.0,0.0
2020,4,U067,0.0,640.0,-640.0,0.0,0.0
2020,4,U072,0.0,587.0,-587.0,0.0,0.0
2020,4,U073,0.0,854.0,-854.0,0.0,0.0
2020,4,U074,0.0,2623.0,-2623.0,0.0,0.0
2020,4,U080,0.0,2523.0,-2523.0,0.0,0.0
2020,4,U101,0.0,877.0,-877.0,0.0,0.0
2020,4,U114,0.0,5077.0,-5077.0,0.0,0.0
2020,4,U116,0.0,139.0,-139.0,0.0,0.0
2020,4,U124,0.0,948.0,-948.0,0.0,0.0
2020,4,U128,0.0,596.0,-596.0,0.0,0.0
2020,4,U131,0.0,257.0,-257.0,0.0,0.0
2020,4,U144,79740.0,0.0,79740.0,1.0,0.0
2020,4,U150,0.0,160.0,-160.0,0.0,0.0
2020,4,U154,96028.0,0.0,96028.0,1.0,0.0
2020,4,U158,0.0,336.0,-336.0,0.0,0.0
2020,4,U178,0.0,50.0,-50.0,0.0,0.0
2020,4,U181,0.0,211.0,-211.0,0.0,0.0
2020,4,U182,0.0,2051.0,-2051.0,0.0,0.0
2020,4,U186,0.0,54.0,-54.0,0.0,0.0
2020,4,U191,78345.0,0.0,78345.0,1.0,0.0
2020,5,U006,0.0,1012.0,-1012.0,0.0,0.0
2020,5,U007,0.0,304.0,-304.0,0.0,0.0
2020,5,U011,45790.0,0.0,45790.0,1.0,0.0
2020,5,U017,0.0,450.0,-450.0,0.0,0.0
2020,5,U019,0.0,36.0,-36.0,0.0,0.0
2020,5,U021,83971.0,0.0,83971.0,1.0,0.0
2020,5,U024,0.0,372.0,-372.0,0.0,0.0
2020,5,U025,0.0,4318.0,-4318.0,0.0,0.0
2020,5,U026,0.0,58.0,-58.0,0.0,0.0
2020,5,U029,0.0,493.0,-493.0,0.0,0.0
2020,5,U031,43561.0,0.0,43561.0,1.0,0.0
2020,5,U036,0.0,141.0,-141.0,0.0,0.0
2020,5,U044,116476.0,0.0,116476.0,1.0,0.0
2020,5,U045,58353.0,0.0,58353.0,1.0,0.0
2020,5,U053,0.0,121.0,-121.0,0.0,0.0
2020,5,U064,0.0,261.0,-261.0,0.0,0.0
2020,5,U075,0.0,247.0,-247.0,0.0,0.0
2020,5,U076,114958.0,0.0,114958.0,1.0,0.0
2020,5,U078,0.0,3336.0,-3336.0,0.0,0.0
2020,5,U083,50593.0,0.0,50593.0,1.0,0.0
2020,5,U085,0.0,250.0,-250.0,0.0,0.0
2020,5,U099,0.0,98.0,-98.0,0.0,0.0
2020,5,U101,0.0,226.0,-226.0,0.0,0.0
2020,5,U103,0.0,183.0,-183.0,0.0,0.0
2020,5,U109,0.0,122.0,-122.0,0.0,0.0
2020,5,U115,29290.0,0.0,29290.0,1.0,0.0
2020,5,U122,84260.0,0.0,84260.0,1.0,0.0
2020,5,U124,0.0,726.0,-726.0,0.0,0.0
2020,5,U126,0.0,39.0,-39.0,0.0,0.0
2020,5,U128,0.0,1174.0,-1174.0,0.0,0.0
2020,5,U129,49679.0,0.0,49679.0,1.0,0.0
2020,5,U130,0.0,851.0,-851.0,0.0,0.0
2020,5,U143,0.0,496.0,-496.0,0.0,0.0
2020,5,U149,0.0,221.0,-221.0,0.0,0.0
2020,5,U150,0.0,205.0,-205.0,0.0,0.0
2020,5,U161,0.0,341.0,-341.0,0.0,0.0
2020,5,U163,0.0,1013.0,-1013.0,0.0,0.0
2020,5,U169,0.0,395.0,-395.0,0.0,0.0
2020,5,U174,49009.0,0.0,49009.0,1.0,0.0
2020,5,U176,72326.0,0.0,72326.0,1.0,0.0
2020,5,U182,0.0,46.0,-46.0,0.0,0.0
2020,5,U183,58237.0,0.0,58237.0,1.0,0.0
2020,5,U187,0.0,89.0,-89.0,0.0,0.0
2020,5,U189,75799.0,0.0,75799.0,1.0,0.0
2020,5,U190,0.0,1084.0,-1084.0,0.0,0.0
2020,5,U191,0.0,166.0,-166.0,0.0,0.0
2020,5,U192,0.0,562.0,-562.0,0.0,0.0
2020,6,U001,0.0,13556.0,-13556.0,0.0,0.0
2020,6,U002,0.0,168.0,-168.0,0.0,0.0
2020,6,U007,0.0,565.0,-565.0,0.0,0.0
2020,6,U009,0.0,442.0,-442.0,0.0,0.0
2020,6,U015,70377.0,196.0,70181.0,0.9972149992184947,0.0027850007815053215
2020,6,U016,0.0,118.0,-118.0,0.0,0.0
2020,6,U018,0.0,84.0,-84.0,0.0,0.0
2020,6,U021,0.0,2980.0,-2980.0,0.0,0.0
2020,6,U022,0.0,1057.0,-1057.0,0.0,0.0
2020,6,U031,0.0,154.0,-154.0,0.0,0.0
2020,6,U034,120903.0,558.0,120345.0,0.9953847299074464,0.004615270092553535
2020,6,U035,0.0,542.0,-542.0,0.0,0.0
2020,6,U041,0.0,693.0,-693.0,0.0,0.0
2020,6,U045,0.0,389.0,-389.0,0.0,0.0
2020,6,U046,0.0,1528.0,-1528.0,0.0,0.0
2020,6,U057,0.0,188.0,-188.0,0.0,0.0
2020,6,U061,0.0,1635.0,-1635.0,0.0,0.0
2020,6,U063,0.0,690.0,-690.0,0.0,0.0
2020,6,U066,0.0,750.0,-750.0,0.0,0.0
2020,6,U071,74728.0,0.0,74728.0,1.0,0.0
2020,6,U088,0.0,789.0,-789.0,0.0,0.0
2020,6,U090,0.0,1452.0,-1452.0,0.0,0.0
2020,6,U095,45596.0,0.0,45596.0,1.0,0.0
2020,6,U106,0.0,287.0,-287.0,0.0,0.0
2020,6,U112,0.0,898.0,-898.0,0.0,0.0
2020,6,U115,0.0,144.0,-144.0,0.0,0.0
2020,6,U124,46462.0,0.0,46462.0,1.0,0.0
2020,6,U138,0.0,2714.0,-2714.0,0.0,0.0
2020,6,U147,0.0,283.0,-283.0,0.0,0.0
2020,6,U156,0.0,431.0,-431.0,0.0,0.0
2020,6,U160,0.0,1334.0,-1334.0,0.0,0.0
2020,6,U163,82797.0,0.0,82797.0,1.0,0.0
2020,6,U166,0.0,692.0,-692.0,0.0,0.0
2020,6,U169,0.0,384.0,-384.0,0.0,0.0
2020,6,U171,0.0,463.0,-463.0,0.0,0.0
2020,6,U177,0.0,281.0,-281.0,0.0,0.0
2020,6,U183,0.0,901.0,-901.0,0.0,0.0
2020,6,U184,0.0,221.0,-221.0,0.0,0.0
2020,6,U185,0.0,962.0,-962.0,0.0,0.0
2020,6,U186,77512.0,0.0,77512.0,1.0,0.0
2020,6,U187,0.0,209.0,-209.0,0.0,0.0
2020,6,U189,0.0,743.0,-743.0,0.0,0.0
2020,7,U002,0.0,1580.0,-1580.0,0.0,0.0
2020,7,U007,0.0,438.0,-438.0,0.0,0.0
2020,7,U008,0.0,2137.0,-2137.0,0.0,0.0
2020,7,U018,57426.0,0.0,57426.0,1.0,0.0
2020,7,U020,0.0,648.0,-648.0,0.0,0.0
2020,7,U022,0.0,169.0,-169.0,0.0,0.0
2020,7,U027,0.0,785.0,-785.0,0.0,0.0
2020,7,U038,0.0,560.0,-560.0,0.0,0.0
2020,7,U049,0.0,5618.0,-5618.0,0.0,0.0
2020,7,U050,0.0,405.0,-405.0,0.0,0.0
2020,7,U054,0.0,153.0,-153.0,0.0,0.0
2020,7,U063,0.0,1029.0,-1029.0,0.0,0.0
2020,7,U066,0.0,208.0,-208.0,0.0,0.0
2020,7,U071,0.0,308.0,-308.0,0.0,0.0
2020,7,U073,0.0,842.0,-842.0,0.0,0.0
2020,7,U075,0.0,2632.0,-2632.0,0.0,0.0
2020,7,U078,0.0,880.0,-880.0,0.0,0.0
2020,7,U079,0.0,450.0,-450.0,0.0,0.0
2020,7,U083,0.0,3613.0,-3613.0,0.0,0.0
2020,7,U086,0.0,182.0,-182.0,0.0,0.0
2020,7,U096,0.0,277.0,-277.0,0.0,0.0
2020,7,U100,46761.0,15141.0,31620.0,0.6762045294155385,0.3237954705844614
2020,7,U103,0.0,357.0,-357.0,0.0,0.0
2020,7,U110,0.0,106.0,-106.0,0.0,0.0
2020,7,U111,0.0,184.0,-184.0,0.0,0.0
2020,7,U116,0.0,387.0,-387.0,0.0,0.0
2020,7,U121,0.0,222.0,-222.0,0.0,0.0
2020,7,U123,0.0,18.0,-18.0,0.0,0.0
2020,7,U128,0.0,1763.0,-1763.0,0.0,0.0
2020,7,U132,0.0,547.0,-547.0,0.0,0.0
2020,7,U155,0.0,549.0,-549.0,0.0,0.0
2020,7,U174,26373.0,0.0,26373.0,1.0,0.0
2020,7,U179,0.0,821.0,-821.0,0.0,0.0
2020,7,U181,0.0,100.0,-100.0,0.0,0.0
2020,7,U189,0.0,71.0,-71.0,0.0,0.0
2020,7,U190,0.0,599.0,-599.0,0.0,0.0
2020,7,U191,62669.0,0.0,62669.0,1.0,0.0
2020,8,U012,0.0,485.0,-485.0,0.0,0.0
2020,8,U026,0.0,253.0,-253.0,0.0,0.0
2020,8,U027,82294.0,0.0,82294.0,1.0,0.0
2020,8,U040,0.0,187.0,-187.0,0.0,0.0
2020,8,U047,0.0,48.0,-48.0,0.0,0.0
2020,8,U056,0.0,451.0,-451.0,0.0,0.0
2020,8,U063,0.0,499.0,-499.0,0.0,0.0
2020,8,U074,0.0,320.0,-320.0,0.0,0.0
2020,8,U075,0.0,392.0,-392.0,0.0,0.0
2020,8,U078,0.0,77.0,-77.0,0.0,0.0
2020,8,U088,0.0,80.0,-80.0,0.0,0.0
2020,8,U090,0.0,498.0,-498.0,0.0,0.0
2020,8,U097,0.0,689.0,-689.0,0.0,0.0
2020,8,U104,0.0,7138.0,-7138.0,0.0,0.0
2020,8,U108,0.0,2667.0,-2667.0,0.0,0.0
2020,8,U116,0.0,133.0,-133.0,0.0,0.0
2020,8,U117,65453.0,0.0,65453.0,1.0,0.0
2020,8,U122,0.0,1588.0,-1588.0,0.0,0.0
2020,8,U125,34439.0,302.0,34137.0,0.9912308719765383,0.008769128023461773
2020,8,U128,0.0,96.0,-96.0,0.0,0.0
2020,8,U130,0.0,5777.0,-5777.0,0.0,0.0
2020,8,U137,0.0,367.0,-367.0,0.0,0.0
2020,8,U141,34458.0,0.0,34458.0,1.0,0.0
2020,8,U143,0.0,1465.0,-1465.0,0.0,0.0
2020,8,U145,0.0,391.0,-391.0,0.0,0.0
2020,8,U147,0.0,609.0,-609.0,0.0,0.0
2020,8,U152,38406.0,0.0,38406.0,1.0,0.0
2020,8,U162,0.0,532.0,-532.0,0.0,0.0
2020,8,U166,128873.0,0.0,128873.0,1.0,0.0
2020,8,U176,0.0,100.0,-100.0,0.0,0.0
2020,8,U177,0.0,257.0,-257.0,0.0,0.0
2020,8,U182,0.0,144.0,-144.0,0.0,0.0
2020,8,U185,0.0,584.0,-584.0,0.0,0.0
2020,8,U187,0.0,183.0,-183.0,0.0,0.0
2020,8,U190,0.0,2207.0,-2207.0,0.0,0.0
2020,9,U001,0.0,863.0,-863.0,0.0,0.0
2020,9,U002,0.0,269.0,-269.0,0.0,0.0
2020,9,U005,0.0,882.0,-882.0,0.0,0.0
2020,9,U010,0.0,186.0,-186.0,0.0,0.0
2020,9,U017,0.0,593.0,-593.0,0.0,0.0
2020,9,U018,0.0,71.0,-71.0,0.0,0.0
2020,9,U021,0.0,48.0,-48.0,0.0,0.0
2020,9,U023,0.0,998.0,-998.0,0.0,0.0
2020,9,U029,0.0,580.0,-580.0,0.0,0.0
2020,9,U031,0.0,903.0,-903.0,0.0,0.0
2020,9,U033,0.0,2510.0,-2510.0,0.0,0.0
2020,9,U038,0.0,702.0,-702.0,0.0,0.0
2020,9,U046,0.0,134.0,-134.0,0.0,0.0
2020,9,U048,0.0,2398.0,-2398.0,0.0,0.0
2020,9,U050,69200.0,19.0,69181.0,0.9997254335260115,0.00027456647398843933
2020,9,U051,0.0,579.0,-579.0,0.0,0.0
2020,9,U053,0.0,1857.0,-1857.0,0.0,0.0
2020,9,U055,0.0,211.0,-211.0,0.0,0.0
2020,9,U056,0.0,286.0,-286.0,0.0,0.0
2020,9,U057,0.0,849.0,-849.0,0.0,0.0
2020,9,U060,0.0,23.0,-23.0,0.0,0.0
2020,9,U062,0.0,954.0,-954.0,0.0,0.0
2020,9,U063,0.0,1691.0,-1691.0,0.0,0.0
2020,9,U064,78234.0,0.0,78234.0,1.0,0.0
2020,9,U066,67118.0,3305.0,63813.0,0.9507583658631068,0.04924163413689323
2020,9,U067,0.0,306.0,-306.0,0.0,0.0
2020,9,U070,0.0,996.0,-996.0,0.0,0.0
2020,9,U075,0.0,-168.0,168.0,0.0,0.0
2020,9,U080,0.0,284.0,-284.0,0.0,0.0
2020,9,U083,0.0,162.0,-162.0,0.0,0.0
2020,9,U085,0.0,43.0,-43.0,0.0,0.0
2020,9,U097,0.0,449.0,-449.0,0.0,0.0
2020,9,U099,0.0,573.0,-573.0,0.0,0.0
2020,9,U103,0.0,3952.0,-3952.0,0.0,0.0
2020,9,U114,0.0,1319.0,-1319.0,0.0,0.0
2020,9,U115,0.0,388.0,-388.0,0.0,0.0
2020,9,U117,0.0,1062.0,-1062.0,0.0,0.0
2020,9,U118,0.0,485.0,-485.0,0.0,0.0
2020,9,U143,0.0,533.0,-533.0,0.0,0.0
2020,9,U145,61000.0,0.0,61000.0,1.0,0.0
2020,9,U154,63372.0,0.0,63372.0,1.0,0.0
2020,9,U157,0.0,818.0,-818.0,0.0,0.0
2020,9,U160,0.0,64.0,-64.0,0.0,0.0
2020,9,U167,0.0,152.0,-152.0,0.0,0.0
2020,9,U169,0.0,201.0,-201.0,0.0,0.0
2020,9,U170,94629.0,0.0,94629.0,1.0,0.0
2020,9,U174,0.0,384.0,-384.0,0.0,0.0
2020,9,U175,80297.0,0.0,80297.0,1.0,0.0
2020,9,U177,0.0,296.0,-296.0,0.0,0.0
2020,9,U181,0.0,990.0,-990.0,0.0,0.0
2020,9,U184,0.0,438.0,-438.0,0.0,0.0
2020,9,U186,0.0,167.0,-167.0,0.0,0.0
2020,9,U192,0.0,2152.0,-2152.0,0.0,0.0
2020,10,U011,0.0,126.0,-126.0,0.0,0.0
2020,10,U033,0.0,272.0,-272.0,0.0,0.0
2020,10,U035,0.0,320.0,-320.0,0.0,0.0
2020,10,U039,0.0,1933.0,-1933.0,0.0,0.0
2020,10,U041,0.0,210.0,-210.0,0.0,0.0
2020,10,U050,0.0,115.0,-115.0,0.0,0.0
2020,10,U052,0.0,3004.0,-3004.0,0.0,0.0
2020,10,U058,0.0,207.0,-207.0,0.0,0.0
2020,10,U066,0.0,2687.0,-2687.0,0.0,0.0
2020,10,U082,0.0,301.0,-301.0,0.0,0.0
2020,10,U086,0.0,108.0,-108.0,0.0,0.0
2020,10,U088,74889.0,0.0,74889.0,1.0,0.0
2020,10,U102,0.0,259.0,-259.0,0.0,0.0
2020,10,U103,0.0,823.0,-823.0,0.0,0.0
2020,10,U112,0.0,346.0,-346.0,0.0,0.0
2020,10,U113,0.0,471.0,-471.0,0.0,0.0
2020,10,U115,0.0,161.0,-161.0,0.0,0.0
2020,10,U117,0.0,947.0,-947.0,0.0,0.0
2020,10,U119,0.0,356.0,-356.0,0.0,0.0
2020,10,U120,0.0,32.0,-32.0,0.0,0.0
2020,10,U127,0.0,694.0,-694.0,0.0,0.0
2020,10,U128,0.0,446.0,-446.0,0.0,0.0
2020,10,U129,0.0,726.0,-726.0,0.0,0.0
2020,10,U143,0.0,300.0,-300.0,0.0,0.0
2020,10,U145,0.0,269.0,-269.0,0.0,0.0
2020,10,U154,0.0,263.0,-263.0,0.0,0.0
2020,10,U156,0.0,703.0,-703.0,0.0,0.0
2020,10,U175,0.0,178.0,-178.0,0.0,0.0
2020,10,U176,0.0,1849.0,-1849.0,0.0,0.0
2020,10,U177,0.0,245.0,-245.0,0.0,0.0
2020,10,U183,0.0,241.0,-241.0,0.0,0.0
2020,10,U184,0.0,810.0,-810.0,0.0,0.0
2020,10,U189,0.0,6272.0,-6272.0,0.0,0.0
2020,11,U006,0.0,309.0,-309.0,0.0,0.0
2020,11,U007,0.0,280.0,-280.0,0.0,0.0
2020,11,U012,0.0,350.0,-350.0,0.0,0.0
2020,11,U015,0.0,369.0,-369.0,0.0,0.0
2020,11,U017,0.0,71.0,-71.0,0.0,0.0
2020,11,U021,0.0,105.0,-105.0,0.0,0.0
2020,11,U028,0.0,201.0,-201.0,0.0,0.0
2020,11,U034,0.0,440.0,-440.0,0.0,0.0
2020,11,U040,0.0,1144.0,-1144.0,0.0,0.0
2020,11,U044,0.0,157.0,-157.0,0.0,0.0
2020,11,U046,0.0,125.0,-125.0,0.0,0.0
2020,11,U047,0.0,477.0,-477.0,0.0,0.0
2020,11,U048,63877.0,0.0,63877.0,1.0,0.0
2020,11,U062,0.0,1954.0,-1954.0,0.0,0.0
2020,11,U069,0.0,2282.0,-2282.0,0.0,0.0
2020,11,U072,0.0,1469.0,-1469.0,0.0,0.0
2020,11,U073,71178.0,0.0,71178.0,1.0,0.0
2020,11,U075,0.0,849.0,-849.0,0.0,0.0
2020,11,U077,0.0,1024.0,-1024.0,0.0,0.0
2020,11,U079,0.0,429.0,-429.0,0.0,0.0
2020,11,U092,57357.0,0.0,57357.0,1.0,0.0
2020,11,U093,0.0,90.0,-90.0,0.0,0.0
2020,11,U101,0.0,1335.0,-1335.0,0.0,0.0
2020,11,U104,0.0,1171.0,-1171.0,0.0,0.0
2020,11,U109,71407.0,0.0,71407.0,1.0,0.0
2020,11,U112,0.0,72.0,-72.0,0.0,0.0
2020,11,U115,0.0,549.0,-549.0,0.0,0.0
2020,11,U116,0.0,4544.0,-4544.0,0.0,0.0
2020,11,U120,0.0,15976.0,-15976.0,0.0,0.0
2020,11,U121,0.0,406.0,-406.0,0.0,0.0
2020,11,U122,43722.0,0.0,43722.0,1.0,0.0
2020,11,U128,0.0,1148.0,-1148.0,0.0,0.0
2020,11,U129,0.0,115.0,-115.0,0.0,0.0
2020,11,U131,0.0,241.0,-241.0,0.0,0.0
2020,11,U135,0.0,1030.0,-1030.0,0.0,0.0
2020,11,U139,0.0,1026.0,-1026.0,0.0,0.0
2020,11,U140,0.0,422.0,-422.0,0.0,0.0
2020,11,U150,0.0,234.0,-234.0,0.0,0.0
2020,11,U154,0.0,1482.0,-1482.0,0.0,0.0
2020,11,U157,0.0,293.0,-293.0,0.0,0.0
2020,11,U160,0.0,473.0,-473.0,0.0,0.0
2020,11,U161,0.0,1213.0,-1213.0,0.0,0.0
2020,11,U162,0.0,797.0,-797.0,0.0,0.0
2020,11,U164,0.0,2997.0,-2997.0,0.0,0.0
2020,11,U171,0.0,755.0,-755.0,0.0,0.0
2020,11,U172,73794.0,0.0,73794.0,1.0,0.0
2020,11,U190,0.0,1610.0,-1610.0,0.0,0.0
2020,11,U192,69541.0,0.0,69541.0,1.0,0.0
2020,12,U004,57500.0,0.0,57500.0,1.0,0.0
2020,12,U013,0.0,872.0,-872.0,0.0,0.0
2020,12,U016,70968.0,160.0,70808.0,0.9977454627437718,0.0022545372562281594
2020,12,U017,0.0,189.0,-189.0,0.0,0.0
2020,12,U018,0.0,103.0,-103.0,0.0,0.0
2020,12,U020,0.0,870.0,-870.0,0.0,0.0
2020,12,U021,0.0,645.0,-645.0,0.0,0.0
2020,12,U023,0.0,176.0,-176.0,0.0,0.0
2020,12,U028,0.0,394.0,-394.0,0.0,0.0
2020,12,U029,0.0,480.0,-480.0,0.0,0.0
2020,12,U030,74630.0,0.0,74630.0,1.0,0.0
2020,12,U031,0.0,367.0,-367.0,0.0,0.0
2020,12,U035,84904.0,0.0,84904.0,1.0,0.0
2020,12,U042,0.0,741.0,-741.0,0.0,0.0
2020,12,U043,56120.0,0.0,56120.0,1.0,0.0
2020,12,U048,0.0,247.0,-247.0,0.0,0.0
2020,12,U053,49873.0,0.0,49873.0,1.0,0.0
2020,12,U063,0.0,327.0,-327.0,0.0,0.0
2020,12,U067,0.0,4680.0,-4680.0,0.0,0.0
2020,12,U070,0.0,649.0,-649.0,0.0,0.0
2020,12,U071,0.0,95.0,-95.0,0.0,0.0
2020,12,U073,0.0,533.0,-533.0,0.0,0.0
2020,12,U076,0.0,2018.0,-2018.0,0.0,0.0
2020,12,U077,0.0,201.0,-201.0,0.0,0.0
2020,12,U079,0.0,1758.0,-1758.0,0.0,0.0
2020,12,U083,0.0,157.0,-157.0,0.0,0.0
2020,12,U084,0.0,805.0,-805.0,0.0,0.0
2020,12,U090,46569.0,0.0,46569.0,1.0,0.0
2020,12,U091,42115.0,0.0,42115.0,1.0,0.0
2020,12,U096,51748.0,0.0,51748.0,1.0,0.0
2020,12,U099,0.0,1177.0,-1177.0,0.0,0.0
2020,12,U102,0.0,205.0,-205.0,0.0,0.0
2020,12,U108,0.0,946.0,-946.0,0.0,0.0
2020,12,U112,0.0,4251.0,-4251.0,0.0,0.0
2020,12,U118,0.0,107.0,-107.0,0.0,0.0
2020,12,U119,110790.0,0.0,110790.0,1.0,0.0
2020,12,U121,0.0,2799.0,-2799.0,0.0,0.0
2020,12,U130,0.0,677.0,-677.0,0.0,0.0
2020,12,U134,0.0,225.0,-225.0,0.0,0.0
2020,12,U138,0.0,578.0,-578.0,0.0,0.0
2020,12,U139,0.0,278.0,-278.0,0.0,0.0
2020,12,U142,138020.0,0.0,138020.0,1.0,0.0
2020,12,U143,0.0,1429.0,-1429.0,0.0,0.0
2020,12,U149,0.0,2028.0,-2028.0,0.0,0.0
2020,12,U152,0.0,492.0,-492.0,0.0,0.0
2020,12,U164,0.0,357.0,-357.0,0.0,0.0
2020,12,U172,0.0,280.0,-280.0,0.0,0.0
2020,12,U190,41272.0,0.0,41272.0,1.0,0.0
2020,12,U191,0.0,1364.0,-1364.0,0.0,0.0
2021,1,U006,0.0,186.0,-186.0,0.0,0.0
2021,1,U009,0.0,340.0,-340.0,0.0,0.0
2021,1,U013,0.0,433.0,-433.0,0.0,0.0
2021,1,U014,0.0,2861.0,-2861.0,0.0,0.0
2021,1,U019,0.0,451.0,-451.0,0.0,0.0
2021,1,U056,54333.0,0.0,54333.0,1.0,0.0
2021,1,U066,0.0,67.0,-67.0,0.0,0.0
2021,1,U082,0.0,2913.0,-2913.0,0.0,0.0
2021,1,U086,0.0,422.0,-422.0,0.0,0.0
2021,1,U088,0.0,386.0,-386.0,0.0,0.0
2021,1,U090,0.0,226.0,-226.0,0.0,0.0
2021,1,U092,0.0,569.0,-569.0,0.0,0.0
2021,1,U094,0.0,796.0,-796.0,0.0,0.0
2021,1,U095,0.0,399.0,-399.0,0.0,0.0
2021,1,U112,0.0,385.0,-385.0,0.0,0.0
2021,1,U119,0.0,104.0,-104.0,0.0,0.0
2021,1,U124,48651.0,0.0,48651.0,1.0,0.0
2021,1,U125,0.0,219.0,-219.0,0.0,0.0
2021,1,U126,0.0,524.0,-524.0,0.0,0.0
2021,1,U129,0.0,581.0,-581.0,0.0,0.0
2021,1,U137,0.0,1235.0,-1235.0,0.0,0.0
2021,1,U138,0.0,380.0,-380.0,0.0,0.0
2021,1,U146,67834.0,662.0,67172.0,0.9902408821534924,0.009759117846507652
2021,1,U147,0.0,2606.0,-2606.0,0.0,0.0
2021,1,U150,0.0,4132.0,-4132.0,0.0,0.0
2021,1,U152,0.0,1592.0,-1592.0,0.0,0.0
2021,1,U157,61463.0,0.0,61463.0,1.0,0.0
2021,1,U162,0.0,658.0,-658.0,0.0,0.0
2021,1,U170,0.0,64.0,-64.0,0.0,0.0
2021,1,U177,0.0,10826.0,-10826.0,0.0,0.0
2021,1,U180,0.0,177.0,-177.0,0.0,0.0
2021,1,U187,0.0,603.0,-603.0,0.0,0.0
2021,1,U189,72016.0,0.0,72016.0,1.0,0.0
2021,1,U191,0.0,230.0,-230.0,0.0,0.0
2021,2,U023,0.0,1227.0,-1227.0,0.0,0.0
2021,2,U028,0.0,273.0,-273.0,0.0,0.0
2021,2,U033,0.0,272.0,-272.0,0.0,0.0
2021,2,U034,0.0,5066.0,-5066.0,0.0,0.0
2021,2,U039,62985.0,0.0,62985.0,1.0,0.0
2021,2,U040,0.0,874.0,-874.0,0.0,0.0
2021,2,U042,0.0,135.0,-135.0,0.0,0.0
2021,2,U050,0.0,443.0,-443.0,0.0,0.0
2021,2,U053,0.0,272.0,-272.0,0.0,0.0
2021,2,U055,0.0,1851.0,-1851.0,0.0,0.0
2021,2,U060,0.0,286.0,-286.0,0.0,0.0
2021,2,U062,0.0,123.0,-123.0,0.0,0.0
2021,2,U063,0.0,85.0,-85.0,0.0,0.0
2021,2,U076,0.0,1009.0,-1009.0,0.0,0.0
2021,2,U102,64546.0,0.0,64546.0,1.0,0.0
2021,2,U107,0.0,516.0,-516.0,0.0,0.0
2021,2,U112,0.0,323.0,-323.0,0.0,0.0
2021,2,U113,0.0,-348.0,348.0,0.0,0.0
2021,2,U114,0.0,2204.0,-2204.0,0.0,0.0
2021,2,U120,0.0,768.0,-768.0,0.0,0.0
2021,2,U121,0.0,68.0,-68.0,0.0,0.0
2021,2,U123,0.0,408.0,-408.0,0.0,0.0
2021,2,U124,0.0,676.0,-676.0,0.0,0.0
2021,2,U125,23965.0,2593.0,21372.0,0.8918005424577509,0.10819945754224912
2021,2,U129,0.0,1086.0,-1086.0,0.0,0.0
2021,2,U139,0.0,1687.0,-1687.0,0.0,0.0
2021,2,U141,0.0,111.0,-111.0,0.0,0.0
2021,2,U146,0.0,238.0,-238.0,0.0,0.0
2021,2,U153,0.0,422.0,-422.0,0.0,0.0
2021,2,U156,0.0,1364.0,-1364.0,0.0,0.0
2021,2,U161,0.0,641.0,-641.0,0.0,0.0
2021,2,U169,0.0,587.0,-587.0,0.0,0.0
2021,2,U172,0.0,986.0,-986.0,0.0,0.0
2021,2,U173,0.0,743.0,-743.0,0.0,0.0
2021,2,U176,0.0,313.0,-313.0,0.0,0.0
2021,2,U180,0.0,2219.0,-2219.0,0.0,0.0
2021,2,U181,0.0,83.0,-83.0,0.0,0.0
2021,2,U186,0.0,817.0,-817.0,0.0,0.0
2021,2,U188,0.0,286.0,-286.0,0.0,0.0
2021,2,U189,55548.0,0.0,55548.0,1.0,0.0
2021,3,U001,0.0,926.0,-926.0,0.0,0.0
2021,3,U004,0.0,1790.0,-1790.0,0.0,0.0
2021,3,U010,0.0,114.0,-114.0,0.0,0.0
2021,3,U011,0.0,177.0,-177.0,0.0,0.0
2021,3,U014,0.0,1398.0,-1398.0,0.0,0.0
2021,3,U016,49797.0,162.0,49635.0,0.9967467919754202,0.003253208024579794
2021,3,U021,106586.0,1904.0,104682.0,0.9821364907211079,0.017863509278892162
2021,3,U025,0.0,2497.0,-2497.0,0.0,0.0
2021,3,U028,88721.0,0.0,88721.0,1.0,0.0
2021,3,U029,0.0,227.0,-227.0,0.0,0.0
2021,3,U034,0.0,800.0,-800.0,0.0,0.0
2021,3,U038,0.0,4938.0,-4938.0,0.0,0.0
2021,3,U039,0.0,878.0,-878.0,0.0,0.0
2021,3,U040,0.0,1048.0,-1048.0,0.0,0.0
2021,3,U041,0.0,304.0,-304.0,0.0,0.0
2021,3,U044,0.0,375.0,-375.0,0.0,0.0
2021,3,U047,47517.0,1159.0,46358.0,0.9756087295073342,0.024391270492665783
2021,3,U050,58874.0,769.0,58105.0,0.9869382070183782,0.01306179298162177
2021,3,U054,0.0,1156.0,-1156.0,0.0,0.0
2021,3,U058,0.0,1718.0,-1718.0,0.0,0.0
2021,3,U062,0.0,632.0,-632.0,0.0,0.0
2021,3,U068,0.0,704.0,-704.0,0.0,0.0
2021,3,U074,0.0,211.0,-211.0,0.0,0.0
2021,3,U080,0.0,683.0,-683.0,0.0,0.0
2021,3,U085,0.0,1112.0,-1112.0,0.0,0.0
2021,3,U089,65432.0,0.0,65432.0,1.0,0.0
2021,3,U094,0.0,269.0,-269.0,0.0,0.0
2021,3,U096,0.0,680.0,-680.0,0.0,0.0
2021,3,U110,0.0,81.0,-81.0,0.0,0.0
2021,3,U111,0.0,247.0,-247.0,0.0,0.0
2021,3,U113,0.0,1193.0,-1193.0,0.0,0.0
2021,3,U116,0.0,1192.0,-1192.0,0.0,0.0
2021,3,U119,0.0,5387.0,-5387.0,0.0,0.0
2021,3,U120,0.0,503.0,-503.0,0.0,0.0
2021,3,U122,0.0,603.0,-603.0,0.0,0.0
2021,3,U127,0.0,225.0,-225.0,0.0,0.0
2021,3,U128,26927.0,0.0,26927.0,1.0,0.0
2021,3,U132,0.0,1609.0,-1609.0,0.0,0.0
2021,3,U133,0.0,327.0,-327.0,0.0,0.0
2021,3,U134,0.0,907.0,-907.0,0.0,0.0
2021,3,U135,0.0,1417.0,-1417.0,0.0,0.0
2021,3,U136,0.0,1002377.0,-1002377.0,0.0,0.0
2021,3,U137,0.0,486.0,-486.0,0.0,0.0
2021,3,U141,0.0,394.0,-394.0,0.0,0.0
2021,3,U160,0.0,249.0,-249.0,0.0,0.0
2021,3,U164,0.0,1056.0,-1056.0,0.0,0.0
2021,3,U165,0.0,151.0,-151.0,0.0,0.0
2021,3,U166,0.0,1149.0,-1149.0,0.0,0.0
2021,3,U168,0.0,1657.0,-1657.0,0.0,0.0
2021,3,U172,0.0,7630.0,-7630.0,0.0,0.0
2021,3,U173,0.0,585.0,-585.0,0.0,0.0
2021,3,U177,0.0,34.0,-34.0,0.0,0.0
2021,3,U182,0.0,33.0,-33.0,0.0,0.0
2021,3,U184,0.0,101.0,-101.0,0.0,0.0
2021,4,U003,0.0,1000.0,-1000.0,0.0,0.0
2021,4,U008,0.0,3678.0,-3678.0,0.0,0.0
2021,4,U018,0.0,1125.0,-1125.0,0.0,0.0
2021,4,U019,47814.0,0.0,47814.0,1.0,0.0
2021,4,U021,0.0,1635.0,-1635.0,0.0,0.0
2021,4,U029,0.0,495.0,-495.0,0.0,0.0
2021,4,U035,0.0,3518.0,-3518.0,0.0,0.0
2021,4,U037,0.0,905.0,-905.0,0.0,0.0
2021,4,U043,0.0,44.0,-44.0,0.0,0.0
2021,4,U050,0.0,382.0,-382.0,0.0,0.0
2021,4,U053,0.0,242.0,-242.0,0.0,0.0
2021,4,U057,0.0,45.0,-45.0,0.0,0.0
2021,4,U060,40092.0,0.0,40092.0,1.0,0.0
2021,4,U061,0.0,34.0,-34.0,0.0,0.0
2021,4,U064,0.0,174.0,-174.0,0.0,0.0
2021,4,U072,0.0,332.0,-332.0,0.0,0.0
2021,4,U073,0.0,158.0,-158.0,0.0,0.0
2021,4,U075,0.0,-716.0,716.0,0.0,0.0
2021,4,U081,59544.0,0.0,59544.0,1.0,0.0
2021,4,U087,0.0,1360.0,-1360.0,0.0,0.0
2021,4,U093,0.0,188.0,-188.0,0.0,0.0
2021,4,U097,57099.0,0.0,57099.0,1.0,0.0
2021,4,U101,0.0,3692.0,-3692.0,0.0,0.0
2021,4,U102,0.0,665.0,-665.0,0.0,0.0
2021,4,U103,66139.0,0.0,66139.0,1.0,0.0
2021,4,U111,51036.0,0.0,51036.0,1.0,0.0
2021,4,U119,0.0,265.0,-265.0,0.0,0.0
2021,4,U124,0.0,264.0,-264.0,0.0,0.0
2021,4,U128,0.0,7002.0,-7002.0,0.0,0.0
2021,4,U129,0.0,160.0,-160.0,0.0,0.0
2021,4,U130,53975.0,0.0,53975.0,1.0,0.0
2021,4,U131,57779.0,0.0,57779.0,1.0,0.0
2021,4,U132,0.0,588.0,-588.0,0.0,0.0
2021,4,U134,0.0,205.0,-205.0,0.0,0.0
2021,4,U137,0.0,312.0,-312.0,0.0,0.0
2021,4,U148,0.0,64.0,-64.0,0.0,0.0
2021,4,U156,68850.0,146.0,68704.0,0.9978794480755265,0.002120551924473493
2021,4,U163,0.0,454.0,-454.0,0.0,0.0
2021,4,U167,0.0,780.0,-780.0,0.0,0.0
2021,4,U170,0.0,433.0,-433.0,0.0,0.0
2021,4,U175,0.0,249.0,-249.0,0.0,0.0
2021,4,U181,73760.0,0.0,73760.0,1.0,0.0
2021,4,U187,33594.0,0.0,33594.0,1.0,0.0
2021,5,U010,0.0,175.0,-175.0,0.0,0.0
2021,5,U013,46462.0,262.0,46200.0,0.9943609831690413,0.005639016830958633
2021,5,U016,0.0,546.0,-546.0,0.0,0.0
2021,5,U020,0.0,132.0,-132.0,0.0,0.0
2021,5,U024,61219.0,0.0,61219.0,1.0,0.0
2021,5,U025,57331.0,0.0,57331.0,1.0,0.0
2021,5,U028,0.0,-604.0,604.0,0.0,0.0
2021,5,U031,0.0,307.0,-307.0,0.0,0.0
2021,5,U034,0.0,1333.0,-1333.0,0.0,0.0
2021,5,U044,0.0,41.0,-41.0,0.0,0.0
2021,5,U049,0.0,117.0,-117.0,0.0,0.0
2021,5,U050,0.0,461.0,-461.0,0.0,0.0
2021,5,U055,0.0,349.0,-349.0,0.0,0.0
2021,5,U056,0.0,220.0,-220.0,0.0,0.0
2021,5,U059,0.0,149.0,-149.0,0.0,0.0
2021,5,U061,0.0,249.0,-249.0,0.0,0.0
2021,5,U070,0.0,970.0,-970.0,0.0,0.0
2021,5,U071,0.0,5021.0,-5021.0,0.0,0.0
2021,5,U076,0.0,1071.0,-1071.0,0.0,0.0
2021,5,U077,0.0,532.0,-532.0,0.0,0.0
2021,5,U078,0.0,355.0,-355.0,0.0,0.0
2021,5,U083,0.0,344.0,-344.0,0.0,0.0
2021,5,U097,0.0,1334.0,-1334.0,0.0,0.0
2021,5,U101,0.0,430.0,-430.0,0.0,0.0
2021,5,U104,0.0,6563.0,-6563.0,0.0,0.0
2021,5,U114,0.0,525.0,-525.0,0.0,0.0
2021,5,U117,0.0,248.0,-248.0,0.0,0.0
2021,5,U118,0.0,632.0,-632.0,0.0,0.0
2021,5,U126,0.0,485.0,-485.0,0.0,0.0
2021,5,U128,0.0,135.0,-135.0,0.0,0.0
2021,5,U131,0.0,116.0,-116.0,0.0,0.0
2021,5,U138,0.0,815.0,-815.0,0.0,0.0
2021,5,U147,0.0,705.0,-705.0,0.0,0.0
2021,5,U154,0.0,1355.0,-1355.0,0.0,0.0
2021,5,U166,0.0,827.0,-827.0,0.0,0.0
2021,5,U167,0.0,223.0,-223.0,0.0,0.0
2021,5,U168,0.0,3285.0,-3285.0,0.0,0.0
2021,5,U169,0.0,897.0,-897.0,0.0,0.0
2021,5,U175,86069.0,611.0,85458.0,0.9929010445107995,0.007098955489200525
2021,5,U176,0.0,286.0,-286.0,0.0,0.0
2021,5,U178,0.0,879.0,-879.0,0.0,0.0
2021,5,U181,0.0,50.0,-50.0,0.0,0.0
2021,5,U184,0.0,1171.0,-1171.0,0.0,0.0
2021,5,U185,50395.0,0.0,50395.0,1.0,0.0
2021,5,U188,0.0,14.0,-14.0,0.0,0.0
2021,5,U190,0.0,362.0,-362.0,0.0,0.0
2021,6,U001,0.0,962.0,-962.0,0.0,0.0
2021,6,U003,76958.0,0.0,76958.0,1.0,0.0
2021,6,U015,0.0,597.0,-597.0,0.0,0.0
2021,6,U025,0.0,116.0,-116.0,0.0,0.0
2021,6,U026,0.0,90.0,-90.0,0.0,0.0
2021,6,U027,0.0,560.0,-560.0,0.0,0.0
2021,6,U029,0.0,68.0,-68.0,0.0,0.0
2021,6,U040,0.0,2153.0,-2153.0,0.0,0.0
2021,6,U042,0.0,140.0,-140.0,0.0,0.0
2021,6,U051,0.0,1644.0,-1644.0,0.0,0.0
2021,6,U052,0.0,310.0,-310.0,0.0,0.0
2021,6,U056,0.0,1134.0,-1134.0,0.0,0.0
2021,6,U060,0.0,244.0,-244.0,0.0,0.0
2021,6,U064,0.0,718.0,-718.0,0.0,0.0
2021,6,U067,0.0,128.0,-128.0,0.0,0.0
2021,6,U073,0.0,744.0,-744.0,0.0,0.0
2021,6,U077,45405.0,0.0,45405.0,1.0,0.0
2021,6,U080,0.0,2730.0,-2730.0,0.0,0.0
2021,6,U082,0.0,196.0,-196.0,0.0,0.0
2021,6,U083,0.0,80.0,-80.0,0.0,0.0
2021,6,U084,0.0,16020.0,-16020.0,0.0,0.0
2021,6,U085,0.0,66.0,-66.0,0.0,0.0
2021,6,U086,0.0,357.0,-357.0,0.0,0.0
2021,6,U089,0.0,39.0,-39.0,0.0,0.0
2021,6,U098,0.0,481.0,-481.0,0.0,0.0
2021,6,U102,0.0,519.0,-519.0,0.0,0.0
2021,6,U112,0.0,3127.0,-3127.0,0.0,0.0
2021,6,U113,0.0,810.0,-810.0,0.0,0.0
2021,6,U119,0.0,255.0,-255.0,0.0,0.0
2021,6,U124,0.0,43.0,-43.0,0.0,0.0
2021,6,U127,0.0,141.0,-141.0,0.0,0.0
2021,6,U130,65829.0,0.0,65829.0,1.0,0.0
2021,6,U139,0.0,334.0,-334.0,0.0,0.0
2021,6,U144,54010.0,0.0,54010.0,1.0,0.0
2021,6,U145,0.0,-376.0,376.0,0.0,0.0
2021,6,U156,0.0,253.0,-253.0,0.0,0.0
2021,6,U160,45356.0,307.0,45049.0,0.9932313255137137,0.006768674486286269
2021,6,U166,0.0,314.0,-314.0,0.0,0.0
2021,6,U167,0.0,4982.0,-4982.0,0.0,0.0
2021,6,U169,67416.0,0.0,67416.0,1.0,0.0
2021,6,U172,0.0,1317.0,-1317.0,0.0,0.0
2021,6,U177,0.0,1658.0,-1658.0,0.0,0.0
2021,6,U179,0.0,142.0,-142.0,0.0,0.0
2021,6,U188,0.0,564.0,-564.0,0.0,0.0
2021,7,U009,0.0,1693.0,-1693.0,0.0,0.0
2021,7,U011,0.0,479.0,-479.0,0.0,0.0
2021,7,U015,0.0,1405.0,-1405.0,0.0,0.0
2021,7,U019,0.0,96.0,-96.0,0.0,0.0
2021,7,U034,0.0,361.0,-361.0,0.0,0.0
2021,7,U043,0.0,1164.0,-1164.0,0.0,0.0
2021,7,U045,0.0,1123.0,-1123.0,0.0,0.0
2021,7,U046,0.0,1137.0,-1137.0,0.0,0.0
2021,7,U050,0.0,812.0,-812.0,0.0,0.0
2021,7,U065,53739.0,0.0,53739.0,1.0,0.0
2021,7,U071,0.0,368.0,-368.0,0.0,0.0
2021,7,U084,0.0,98.0,-98.0,0.0,0.0
2021,7,U092,0.0,999999.0,-999999.0,0.0,0.0
2021,7,U094,0.0,324.0,-324.0,0.0,0.0
2021,7,U099,0.0,1786.0,-1786.0,0.0,0.0
2021,7,U109,0.0,971.0,-971.0,0.0,0.0
2021,7,U116,0.0,720.0,-720.0,0.0,0.0
2021,7,U122,0.0,219.0,-219.0,0.0,0.0
2021,7,U133,0.0,66.0,-66.0,0.0,0.0
2021,7,U134,0.0,907.0,-907.0,0.0,0.0
2021,7,U138,0.0,2005.0,-2005.0,0.0,0.0
2021,7,U144,0.0,643.0,-643.0,0.0,0.0
2021,7,U147,0.0,2192.0,-2192.0,0.0,0.0
2021,7,U148,0.0,283.0,-283.0,0.0,0.0
2021,7,U151,0.0,520.0,-520.0,0.0,0.0
2021,7,U153,0.0,237.0,-237.0,0.0,0.0
2021,7,U155,0.0,68.0,-68.0,0.0,0.0
2021,7,U158,0.0,425.0,-425.0,0.0,0.0
2021,7,U167,0.0,742.0,-742.0,0.0,0.0
2021,7,U180,0.0,39.0,-39.0,0.0,0.0
2021,7,U182,0.0,118.0,-118.0,0.0,0.0
2021,7,U184,0.0,7993.0,-7993.0,0.0,0.0
2021,7,U186,0.0,406.0,-406.0,0.0,0.0
2021,7,U187,0.0,769.0,-769.0,0.0,0.0
2021,7,U188,0.0,1246.0,-1246.0,0.0,0.0
2021,7,U192,0.0,552.0,-552.0,0.0,0.0
2021,8,U003,0.0,805.0,-805.0,0.0,0.0
2021,8,U005,0.0,533.0,-533.0,0.0,0.0
2021,8,U006,0.0,729.0,-729.0,0.0,0.0
2021,8,U007,66776.0,0.0,66776.0,1.0,0.0
2021,8,U011,0.0,77.0,-77.0,0.0,0.0
2021,8,U027,0.0,742.0,-742.0,0.0,0.0
2021,8,U029,0.0,631.0,-631.0,0.0,0.0
2021,8,U032,0.0,435.0,-435.0,0.0,0.0
2021,8,U034,0.0,66.0,-66.0,0.0,0.0
2021,8,U035,0.0,687.0,-687.0,0.0,0.0
2021,8,U039,0.0,732.0,-732.0,0.0,0.0
2021,8,U046,74420.0,0.0,74420.0,1.0,0.0
2021,8,U047,76398.0,0.0,76398.0,1.0,0.0
2021,8,U075,66118.0,0.0,66118.0,1.0,0.0
2021,8,U081,0.0,7808.0,-7808.0,0.0,0.0
2021,8,U085,0.0,446.0,-446.0,0.0,0.0
2021,8,U102,65374.0,855.0,64519.0,0.9869214060635727,0.013078593936427326
2021,8,U106,0.0,3475.0,-3475.0,0.0,0.0
2021,8,U124,0.0,965.0,-965.0,0.0,0.0
2021,8,U129,0.0,52.0,-52.0,0.0,0.0
2021,8,U131,77272.0,0.0,77272.0,1.0,0.0
2021,8,U135,0.0,463.0,-463.0,0.0,0.0
2021,8,U139,0.0,519.0,-519.0,0.0,0.0
2021,8,U150,0.0,160.0,-160.0,0.0,0.0
2021,8,U159,0.0,125.0,-125.0,0.0,0.0
2021,8,U162,0.0,41.0,-41.0,0.0,0.0
2021,8,U164,0.0,258.0,-258.0,0.0,0.0
2021,8,U165,0.0,484.0,-484.0,0.0,0.0
2021,8,U177,0.0,400.0,-400.0,0.0,0.0
2021,8,U183,0.0,1814.0,-1814.0,0.0,0.0
2021,8,U184,0.0,531.0,-531.0,0.0,0.0
2021,9,U001,0.0,1017.0,-1017.0,0.0,0.0
2021,9,U014,0.0,248.0,-248.0,0.0,0.0
2021,9,U024,0.0,45.0,-45.0,0.0,0.0
2021,9,U029,0.0,278.0,-278.0,0.0,0.0
2021,9,U035,0.0,305.0,-305.0,0.0,0.0
2021,9,U038,0.0,2235.0,-2235.0,0.0,0.0
2021,9,U041,0.0,1428.0,-1428.0,0.0,0.0
2021,9,U045,0.0,498.0,-498.0,0.0,0.0
2021,9,U052,67153.0,0.0,67153.0,1.0,0.0
2021,9,U055,0.0,472.0,-472.0,0.0,0.0
2021,9,U057,0.0,269.0,-269.0,0.0,0.0
2021,9,U068,0.0,96.0,-96.0,0.0,0.0
2021,9,U070,58346.0,0.0,58346.0,1.0,0.0
2021,9,U073,0.0,362.0,-362.0,0.0,0.0
2021,9,U074,0.0,164.0,-164.0,0.0,0.0
2021,9,U081,0.0,1870.0,-1870.0,0.0,0.0
2021,9,U087,0.0,2760.0,-2760.0,0.0,0.0
2021,9,U099,37303.0,0.0,37303.0,1.0,0.0
2021,9,U100,0.0,797.0,-797.0,0.0,0.0
2021,9,U102,0.0,484.0,-484.0,0.0,0.0
2021,9,U113,0.0,251.0,-251.0,0.0,0.0
2021,9,U116,0.0,208.0,-208.0,0.0,0.0
2021,9,U122,0.0,892.0,-892.0,0.0,0.0
2021,9,U123,67005.0,0.0,67005.0,1.0,0.0
2021,9,U127,0.0,95.0,-95.0,0.0,0.0
2021,9,U128,0.0,580.0,-580.0,0.0,0.0
2021,9,U137,0.0,996.0,-996.0,0.0,0.0
2021,9,U138,0.0,827.0,-827.0,0.0,0.0
2021,9,U144,58305.0,0.0,58305.0,1.0,0.0
2021,9,U149,0.0,1296.0,-1296.0,0.0,0.0
2021,9,U150,0.0,1007.0,-1007.0,0.0,0.0
2021,9,U151,0.0,180.0,-180.0,0.0,0.0
2021,9,U159,0.0,410.0,-410.0,0.0,0.0
2021,9,U162,0.0,1774.0,-1774.0,0.0,0.0
2021,9,U167,0.0,76.0,-76.0,0.0,0.0
2021,9,U173,0.0,230.0,-230.0,0.0,0.0
2021,9,U175,0.0,2334.0,-2334.0,0.0,0.0
2021,9,U184,0.0,1287.0,-1287.0,0.0,0.0
2021,9,U191,0.0,2620.0,-2620.0,0.0,0.0
2021,9,U192,0.0,-105.0,105.0,0.0,0.0
2021,10,U002,0.0,1965.0,-1965.0,0.0,0.0
2021,10,U003,0.0,628.0,-628.0,0.0,0.0
2021,10,U005,0.0,318.0,-318.0,0.0,0.0
2021,10,U014,0.0,401.0,-401.0,0.0,0.0
2021,10,U024,0.0,1491.0,-1491.0,0.0,0.0
2021,10,U029,0.0,286.0,-286.0,0.0,0.0
2021,10,U030,0.0,310.0,-310.0,0.0,0.0
2021,10,U044,0.0,1438.0,-1438.0,0.0,0.0
2021,10,U053,0.0,32906.0,-32906.0,0.0,0.0
2021,10,U057,57068.0,0.0,57068.0,1.0,0.0
2021,10,U059,0.0,100.0,-100.0,0.0,0.0
2021,10,U061,0.0,34.0,-34.0,0.0,0.0
2021,10,U068,0.0,1623.0,-1623.0,0.0,0.0
2021,10,U073,50379.0,0.0,50379.0,1.0,0.0
2021,10,U075,0.0,337.0,-337.0,0.0,0.0
2021,10,U077,0.0,885.0,-885.0,0.0,0.0
2021,10,U078,0.0,830.0,-830.0,0.0,0.0
2021,10,U084,0.0,585.0,-585.0,0.0,0.0
2021,10,U087,0.0,497.0,-497.0,0.0,0.0
2021,10,U090,0.0,755.0,-755.0,0.0,0.0
2021,10,U092,0.0,246.0,-246.0,0.0,0.0
2021,10,U093,0.0,112.0,-112.0,0.0,0.0
2021,10,U095,0.0,300.0,-300.0,0.0,0.0
2021,10,U096,0.0,585.0,-585.0,0.0,0.0
2021,10,U098,0.0,1071.0,-1071.0,0.0,0.0
2021,10,U100,54543.0,988.0,53555.0,0.9818858515299855,0.018114148470014482
2021,10,U103,0.0,530.0,-530.0,0.0,0.0
2021,10,U111,0.0,201.0,-201.0,0.0,0.0
2021,10,U114,0.0,830.0,-830.0,0.0,0.0
2021,10,U117,0.0,260.0,-260.0,0.0,0.0
2021,10,U129,0.0,1469.0,-1469.0,0.0,0.0
2021,10,U139,67192.0,248.0,66944.0,0.9963090844148113,0.003690915585188713
2021,10,U141,0.0,111.0,-111.0,0.0,0.0
2021,10,U161,0.0,1275.0,-1275.0,0.0,0.0
2021,10,U162,0.0,1597.0,-1597.0,0.0,0.0
2021,10,U166,72899.0,0.0,72899.0,1.0,0.0
2021,10,U171,0.0,2050.0,-2050.0,0.0,0.0
2021,10,U174,0.0,344.0,-344.0,0.0,0.0
2021,10,U176,0.0,900.0,-900.0,0.0,0.0
2021,10,U182,0.0,333.0,-333.0,0.0,0.0
2021,10,U191,0.0,46.0,-46.0,0.0,0.0
2021,10,U192,0.0,193.0,-193.0,0.0,0.0
2021,11,U001,0.0,1805.0,-1805.0,0.0,0.0
2021,11,U003,0.0,453.0,-453.0,0.0,0.0
2021,11,U005,0.0,1015.0,-1015.0,0.0,0.0
2021,11,U007,0.0,535.0,-535.0,0.0,0.0
2021,11,U010,0.0,1478.0,-1478.0,0.0,0.0
2021,11,U031,0.0,293.0,-293.0,0.0,0.0
2021,11,U034,0.0,212.0,-212.0,0.0,0.0
2021,11,U048,0.0,634.0,-634.0,0.0,0.0
2021,11,U051,0.0,891.0,-891.0,0.0,0.0
2021,11,U060,0.0,106.0,-106.0,0.0,0.0
2021,11,U070,0.0,1433.0,-1433.0,0.0,0.0
2021,11,U083,0.0,1463.0,-1463.0,0.0,0.0
2021,11,U086,0.0,-749.0,749.0,0.0,0.0
2021,11,U091,0.0,90.0,-90.0,0.0,0.0
2021,11,U092,0.0,686.0,-686.0,0.0,0.0
2021,11,U095,0.0,145.0,-145.0,0.0,0.0
2021,11,U098,0.0,926.0,-926.0,0.0,0.0
2021,11,U101,51764.0,1148.0,50616.0,0.9778224248512479,0.02217757514875203
2021,11,U102,0.0,373.0,-373.0,0.0,0.0
2021,11,U103,0.0,40.0,-40.0,0.0,0.0
2021,11,U110,0.0,286.0,-286.0,0.0,0.0
2021,11,U115,0.0,256.0,-256.0,0.0,0.0
2021,11,U125,56253.0,0.0,56253.0,1.0,0.0
2021,11,U130,0.0,6142.0,-6142.0,0.0,0.0
2021,11,U132,59176.0,0.0,59176.0,1.0,0.0
2021,11,U142,0.0,1800.0,-1800.0,0.0,0.0
2021,11,U145,0.0,170.0,-170.0,0.0,0.0
2021,11,U148,0.0,401.0,-401.0,0.0,0.0
2021,11,U151,0.0,93.0,-93.0,0.0,0.0
2021,11,U157,0.0,386.0,-386.0,0.0,0.0
2021,11,U159,0.0,1000.0,-1000.0,0.0,0.0
2021,11,U167,0.0,594.0,-594.0,0.0,0.0
2021,11,U180,0.0,1662.0,-1662.0,0.0,0.0
2021,11,U182,0.0,144.0,-144.0,0.0,0.0
2021,11,U188,51991.0,0.0,51991.0,1.0,0.0
2021,11,U191,33215.0,0.0,33215.0,1.0,0.0
2021,11,U192,0.0,39.0,-39.0,0.0,0.0
2021,12,U002,0.0,100.0,-100.0,0.0,0.0
2021,12,U003,55056.0,0.0,55056.0,1.0,0.0
2021,12,U008,0.0,-398.0,398.0,0.0,0.0
2021,12,U009,0.0,128.0,-128.0,0.0,0.0
2021,12,U011,0.0,39.0,-39.0,0.0,0.0
2021,12,U020,72496.0,0.0,72496.0,1.0,0.0
2021,12,U023,0.0,228.0,-228.0,0.0,0.0
2021,12,U026,0.0,468.0,-468.0,0.0,0.0
2021,12,U029,102640.0,-837.0,103477.0,1.0081547155105222,-0.008154715510522213
2021,12,U030,0.0,116.0,-116.0,0.0,0.0
2021,12,U032,0.0,1923.0,-1923.0,0.0,0.0
2021,12,U033,0.0,698.0,-698.0,0.0,0.0
2021,12,U039,0.0,998.0,-998.0,0.0,0.0
2021,12,U041,0.0,30.0,-30.0,0.0,0.0
2021,12,U042,0.0,2506.0,-2506.0,0.0,0.0
2021,12,U043,0.0,51.0,-51.0,0.0,0.0
2021,12,U048,0.0,851.0,-851.0,0.0,0.0
2021,12,U051,0.0,370.0,-370.0,0.0,0.0
2021,12,U060,46259.0,0.0,46259.0,1.0,0.0
2021,12,U062,61256.0,2520.0,58736.0,0.9588611727830743,0.04113882721692569
2021,12,U067,0.0,1133.0,-1133.0,0.0,0.0
2021,12,U069,18089.0,0.0,18089.0,1.0,0.0
2021,12,U072,54180.0,0.0,54180.0,1.0,0.0
2021,12,U076,0.0,347.0,-347.0,0.0,0.0
2021,12,U082,0.0,3558.0,-3558.0,0.0,0.0
2021,12,U085,0.0,4142.0,-4142.0,0.0,0.0
2021,12,U086,0.0,1684.0,-1684.0,0.0,0.0
2021,12,U088,0.0,576.0,-576.0,0.0,0.0
2021,12,U089,0.0,2045.0,-2045.0,0.0,0.0
2021,12,U092,0.0,117.0,-117.0,0.0,0.0
2021,12,U093,0.0,3093.0,-3093.0,0.0,0.0
2021,12,U096,0.0,260.0,-260.0,0.0,0.0
2021,12,U117,0.0,51.0,-51.0,0.0,0.0
2021,12,U126,0.0,895.0,-895.0,0.0,0.0
2021,12,U134,0.0,2016.0,-2016.0,0.0,0.0
2021,12,U135,0.0,1335.0,-1335.0,0.0,0.0
2021,12,U136,59229.0,0.0,59229.0,1.0,0.0
2021,12,U138,0.0,157.0,-157.0,0.0,0.0
2021,12,U142,45105.0,0.0,45105.0,1.0,0.0
2021,12,U143,0.0,555.0,-555.0,0.0,0.0
2021,12,U146,0.0,299.0,-299.0,0.0,0.0
2021,12,U161,0.0,203.0,-203.0,0.0,0.0
2021,12,U163,0.0,1106.0,-1106.0,0.0,0.0
2021,12,U170,35109.0,0.0,35109.0,1.0,0.0
2021,12,U172,0.0,55.0,-55.0,0.0,0.0
2021,12,U175,0.0,6958.0,-6958.0,0.0,0.0
2022,1,U001,71407.0,0.0,71407.0,1.0,0.0
2022,1,U004,0.0,81.0,-81.0,0.0,0.0
2022,1,U008,0.0,1198.0,-1198.0,0.0,0.0
2022,1,U011,0.0,170.0,-170.0,0.0,0.0
2022,1,U020,0.0,120.0,-120.0,0.0,0.0
2022,1,U022,42045.0,0.0,42045.0,1.0,0.0
2022,1,U024,0.0,1008.0,-1008.0,0.0,0.0
2022,1,U026,0.0,12092.0,-12092.0,0.0,0.0
2022,1,U029,0.0,1955.0,-1955.0,0.0,0.0
2022,1,U033,0.0,1306.0,-1306.0,0.0,0.0
2022,1,U036,48404.0,0.0,48404.0,1.0,0.0
2022,1,U038,48442.0,0.0,48442.0,1.0,0.0
2022,1,U039,0.0,4558.0,-4558.0,0.0,0.0
2022,1,U045,0.0,99.0,-99.0,0.0,0.0
2022,1,U048,0.0,352.0,-352.0,0.0,0.0
2022,1,U053,0.0,118.0,-118.0,0.0,0.0
2022,1,U054,0.0,210.0,-210.0,0.0,0.0
2022,1,U056,0.0,2743.0,-2743.0,0.0,0.0
2022,1,U065,84815.0,0.0,84815.0,1.0,0.0
2022,1,U069,0.0,191.0,-191.0,0.0,0.0
2022,1,U071,45077.0,0.0,45077.0,1.0,0.0
2022,1,U074,0.0,505.0,-505.0,0.0,0.0
2022,1,U080,77205.0,0.0,77205.0,1.0,0.0
2022,1,U085,0.0,69.0,-69.0,0.0,0.0
2022,1,U089,0.0,812.0,-812.0,0.0,0.0
2022,1,U095,0.0,712.0,-712.0,0.0,0.0
2022,1,U104,0.0,140.0,-140.0,0.0,0.0
2022,1,U107,0.0,720.0,-720.0,0.0,0.0
2022,1,U108,0.0,3286.0,-3286.0,0.0,0.0
2022,1,U114,0.0,383.0,-383.0,0.0,0.0
2022,1,U122,0.0,999.0,-999.0,0.0,0.0
2022,1,U123,0.0,318.0,-318.0,0.0,0.0
2022,1,U143,0.0,1169.0,-1169.0,0.0,0.0
2022,1,U160,0.0,1344.0,-1344.0,0.0,0.0
2022,1,U161,0.0,224.0,-224.0,0.0,0.0
2022,1,U162,0.0,774.0,-774.0,0.0,0.0
2022,1,U166,56100.0,0.0,56100.0,1.0,0.0
2022,1,U172,0.0,213.0,-213.0,0.0,0.0
2022,1,U176,68790.0,0.0,68790.0,1.0,0.0
2022,1,U184,0.0,396.0,-396.0,0.0,0.0
2022,1,U188,0.0,584.0,-584.0,0.0,0.0
2022,1,U189,0.0,1645.0,-1645.0,0.0,0.0
2022,2,U002,0.0,82.0,-82.0,0.0,0.0
2022,2,U010,0.0,263.0,-263.0,0.0,0.0
2022,2,U011,0.0,3769.0,-3769.0,0.0,0.0
2022,2,U012,0.0,67.0,-67.0,0.0,0.0
2022,2,U014,64018.0,0.0,64018.0,1.0,0.0
2022,2,U026,79633.0,0.0,79633.0,1.0,0.0
2022,2,U029,0.0,1388.0,-1388.0,0.0,0.0
2022,2,U035,0.0,754.0,-754.0,0.0,0.0
2022,2,U042,0.0,2665.0,-2665.0,0.0,0.0
2022,2,U046,0.0,241.0,-241.0,0.0,0.0
2022,2,U047,0.0,846.0,-846.0,0.0,0.0
2022,2,U049,0.0,846.0,-846.0,0.0,0.0
2022,2,U058,0.0,538.0,-538.0,0.0,0.0
2022,2,U060,84650.0,0.0,84650.0,1.0,0.0
2022,2,U061,0.0,837.0,-837.0,0.0,0.0
2022,2,U064,0.0,410.0,-410.0,0.0,0.0
2022,2,U080,0.0,263.0,-263.0,0.0,0.0
2022,2,U096,31477.0,0.0,31477.0,1.0,0.0
2022,2,U100,0.0,647.0,-647.0,0.0,0.0
2022,2,U107,49380.0,0.0,49380.0,1.0,0.0
2022,2,U114,0.0,333.0,-333.0,0.0,0.0
2022,2,U131,59424.0,0.0,59424.0,1.0,0.0
2022,2,U132,45439.0,0.0,45439.0,1.0,0.0
2022,2,U139,0.0,363.0,-363.0,0.0,0.0
2022,2,U142,45403.0,1680.0,43723.0,0.9629980397771072,0.03700196022289276
2022,2,U143,0.0,2920.0,-2920.0,0.0,0.0
2022,2,U144,0.0,160.0,-160.0,0.0,0.0
2022,2,U149,0.0,-1016.0,1016.0,0.0,0.0
2022,2,U152,0.0,175.0,-175.0,0.0,0.0
2022,2,U156,0.0,44.0,-44.0,0.0,0.0
2022,2,U158,0.0,6652.0,-6652.0,0.0,0.0
2022,2,U163,0.0,118.0,-118.0,0.0,0.0
2022,2,U175,0.0,551.0,-551.0,0.0,0.0
2022,2,U177,0.0,480.0,-480.0,0.0,0.0
2022,2,U184,43658.0,0.0,43658.0,1.0,0.0
2022,2,U188,0.0,448.0,-448.0,0.0,0.0
2022,2,U192,0.0,57.0,-57.0,0.0,0.0
2022,3,U002,0.0,336.0,-336.0,0.0,0.0
2022,3,U003,0.0,977.0,-977.0,0.0,0.0
2022,3,U014,0.0,356.0,-356.0,0.0,0.0
2022,3,U019,0.0,192.0,-192.0,0.0,0.0
2022,3,U021,0.0,908.0,-908.0,0.0,0.0
2022,3,U024,0.0,908.0,-908.0,0.0,0.0
2022,3,U043,50893.0,132.0,50761.0,0.9974063230699703,0.00259367693002967
2022,3,U048,0.0,68.0,-68.0,0.0,0.0
2022,3,U050,42219.0,0.0,42219.0,1.0,0.0
2022,3,U054,0.0,1758.0,-1758.0,0.0,0.0
2022,3,U055,0.0,839.0,-839.0,0.0,0.0
2022,3,U061,0.0,965.0,-965.0,0.0,0.0
2022,3,U067,0.0,153.0,-153.0,0.0,0.0
2022,3,U082,0.0,97.0,-97.0,0.0,0.0
2022,3,U085,0.0,1749.0,-1749.0,0.0,0.0
2022,3,U087,0.0,134.0,-134.0,0.0,0.0
2022,3,U094,0.0,92.0,-92.0,0.0,0.0
2022,3,U103,0.0,717.0,-717.0,0.0,0.0
2022,3,U111,0.0,731.0,-731.0,0.0,0.0
2022,3,U112,0.0,116.0,-116.0,0.0,0.0
2022,3,U129,0.0,199.0,-199.0,0.0,0.0
2022,3,U131,31986.0,0.0,31986.0,1.0,0.0
2022,3,U134,0.0,1755.0,-1755.0,0.0,0.0
2022,3,U135,0.0,2538.0,-2538.0,0.0,0.0
2022,3,U138,0.0,1319.0,-1319.0,0.0,0.0
2022,3,U139,0.0,430.0,-430.0,0.0,0.0
2022,3,U140,0.0,195.0,-195.0,0.0,0.0
2022,3,U159,0.0,556.0,-556.0,0.0,0.0
2022,3,U160,55238.0,0.0,55238.0,1.0,0.0
2022,3,U164,0.0,126.0,-126.0,0.0,0.0
2022,3,U165,65568.0,0.0,65568.0,1.0,0.0
2022,3,U178,0.0,331.0,-331.0,0.0,0.0
2022,3,U179,0.0,2677.0,-2677.0,0.0,0.0
2022,3,U184,0.0,510.0,-510.0,0.0,0.0
2022,3,U186,0.0,642.0,-642.0,0.0,0.0
2022,3,U190,0.0,138.0,-138.0,0.0,0.0
2022,3,U191,0.0,17.0,-17.0,0.0,0.0
2022,4,U003,48377.0,0.0,48377.0,1.0,0.0
2022,4,U006,0.0,665.0,-665.0,0.0,0.0
2022,4,U010,0.0,3480.0,-3480.0,0.0,0.0
2022,4,U011,0.0,4892.0,-4892.0,0.0,0.0
2022,4,U026,0.0,1823.0,-1823.0,0.0,0.0
2022,4,U030,0.0,992.0,-992.0,0.0,0.0
2022,4,U033,0.0,2588.0,-2588.0,0.0,0.0
2022,4,U036,0.0,543.0,-543.0,0.0,0.0
2022,4,U039,0.0,33.0,-33.0,0.0,0.0
2022,4,U044,0.0,159.0,-159.0,0.0,0.0
2022,4,U048,0.0,1428.0,-1428.0,0.0,0.0
2022,4,U050,0.0,2374.0,-2374.0,0.0,0.0
2022,4,U052,0.0,692.0,-692.0,0.0,0.0
2022,4,U053,0.0,2294.0,-2294.0,0.0,0.0
2022,4,U054,0.0,484.0,-484.0,0.0,0.0
2022,4,U056,0.0,249.0,-249.0,0.0,0.0
2022,4,U057,0.0,822.0,-822.0,0.0,0.0
2022,4,U061,0.0,346.0,-346.0,0.0,0.0
2022,4,U071,0.0,969.0,-969.0,0.0,0.0
2022,4,U072,0.0,77.0,-77.0,0.0,0.0
2022,4,U076,59515.0,0.0,59515.0,1.0,0.0
2022,4,U091,0.0,493.0,-493.0,0.0,0.0
2022,4,U093,43257.0,0.0,43257.0,1.0,0.0
2022,4,U103,0.0,322.0,-322.0,0.0,0.0
2022,4,U107,0.0,113.0,-113.0,0.0,0.0
2022,4,U113,0.0,508.0,-508.0,0.0,0.0
2022,4,U118,0.0,1576.0,-1576.0,0.0,0.0
2022,4,U136,0.0,1206.0,-1206.0,0.0,0.0
2022,4,U146,0.0,271.0,-271.0,0.0,0.0
2022,4,U155,34170.0,293.0,33877.0,0.9914252268071407,0.008574773192859233
2022,4,U156,0.0,2658.0,-2658.0,0.0,0.0
2022,4,U160,0.0,11.0,-11.0,0.0,0.0
2022,4,U162,0.0,1533.0,-1533.0,0.0,0.0
2022,4,U163,0.0,138.0,-138.0,0.0,0.0
2022,4,U165,0.0,236.0,-236.0,0.0,0.0
2022,4,U171,0.0,1045.0,-1045.0,0.0,0.0
2022,4,U179,0.0,2196.0,-2196.0,0.0,0.0
2022,4,U191,0.0,612.0,-612.0,0.0,0.0
2022,5,U001,0.0,4407.0,-4407.0,0.0,0.0
2022,5,U002,0.0,50.0,-50.0,0.0,0.0
2022,5,U009,0.0,678.0,-678.0,0.0,0.0
2022,5,U011,39155.0,0.0,39155.0,1.0,0.0
2022,5,U012,0.0,90.0,-90.0,0.0,0.0
2022,5,U020,0.0,14550.0,-14550.0,0.0,0.0
2022,5,U023,0.0,1675.0,-1675.0,0.0,0.0
2022,5,U034,0.0,1694.0,-1694.0,0.0,0.0
2022,5,U036,0.0,4598.0,-4598.0,0.0,0.0
2022,5,U039,0.0,1250.0,-1250.0,0.0,0.0
2022,5,U051,0.0,94.0,-94.0,0.0,0.0
2022,5,U060,0.0,243.0,-243.0,0.0,0.0
2022,5,U064,0.0,505.0,-505.0,0.0,0.0
2022,5,U070,0.0,149.0,-149.0,0.0,0.0
2022,5,U076,107096.0,0.0,107096.0,1.0,0.0
2022,5,U079,0.0,1258.0,-1258.0,0.0,0.0
2022,5,U080,0.0,6332.0,-6332.0,0.0,0.0
2022,5,U089,0.0,470.0,-470.0,0.0,0.0
2022,5,U095,0.0,366.0,-366.0,0.0,0.0
2022,5,U096,0.0,92.0,-92.0,0.0,0.0
2022,5,U098,0.0,5712.0,-5712.0,0.0,0.0
2022,5,U099,0.0,80.0,-80.0,0.0,0.0
2022,5,U104,0.0,2622.0,-2622.0,0.0,0.0
2022,5,U109,0.0,55.0,-55.0,0.0,0.0
2022,5,U115,58158.0,0.0,58158.0,1.0,0.0
2022,5,U120,0.0,737.0,-737.0,0.0,0.0
2022,5,U129,0.0,143.0,-143.0,0.0,0.0
2022,5,U138,0.0,179.0,-179.0,0.0,0.0
2022,5,U140,0.0,304.0,-304.0,0.0,0.0
2022,5,U143,0.0,158.0,-158.0,0.0,0.0
2022,5,U147,0.0,98.0,-98.0,0.0,0.0
2022,5,U157,0.0,1045.0,-1045.0,0.0,0.0
2022,5,U163,0.0,439.0,-439.0,0.0,0.0
2022,5,U167,0.0,217.0,-217.0,0.0,0.0
2022,5,U169,0.0,3520.0,-3520.0,0.0,0.0
2022,5,U171,0.0,57.0,-57.0,0.0,0.0
2022,5,U178,0.0,61.0,-61.0,0.0,0.0
2022,5,U179,50302.0,0.0,50302.0,1.0,0.0
2022,5,U181,0.0,327.0,-327.0,0.0,0.0
2022,5,U182,55640.0,0.0,55640.0,1.0,0.0
2022,6,U006,0.0,-325.0,325.0,0.0,0.0
2022,6,U007,0.0,70.0,-70.0,0.0,0.0
2022,6,U017,62771.0,0.0,62771.0,1.0,0.0
2022,6,U035,54866.0,205.0,54661.0,0.9962636241023585,0.0037363758976415268
2022,6,U047,0.0,831.0,-831.0,0.0,0.0
2022,6,U048,0.0,4948.0,-4948.0,0.0,0.0
2022,6,U055,0.0,109.0,-109.0,0.0,0.0
2022,6,U056,0.0,781.0,-781.0,0.0,0.0
2022,6,U058,0.0,332.0,-332.0,0.0,0.0
2022,6,U060,0.0,926.0,-926.0,0.0,0.0
2022,6,U062,0.0,412.0,-412.0,0.0,0.0
2022,6,U063,0.0,84.0,-84.0,0.0,0.0
2022,6,U065,0.0,977.0,-977.0,0.0,0.0
2022,6,U080,0.0,365.0,-365.0,0.0,0.0
2022,6,U082,0.0,763.0,-763.0,0.0,0.0
2022,6,U086,0.0,6200.0,-6200.0,0.0,0.0
2022,6,U087,0.0,1128.0,-1128.0,0.0,0.0
2022,6,U088,70197.0,0.0,70197.0,1.0,0.0
2022,6,U097,0.0,626.0,-626.0,0.0,0.0
2022,6,U098,0.0,303.0,-303.0,0.0,0.0
2022,6,U114,0.0,226.0,-226.0,0.0,0.0
2022,6,U120,62830.0,746.0,62084.0,0.9881266910711444,0.011873308928855643
2022,6,U125,0.0,1583.0,-1583.0,0.0,0.0
2022,6,U126,0.0,142.0,-142.0,0.0,0.0
2022,6,U133,0.0,202.0,-202.0,0.0,0.0
2022,6,U134,0.0,235.0,-235.0,0.0,0.0
2022,6,U136,0.0,1915.0,-1915.0,0.0,0.0
2022,6,U146,0.0,794.0,-794.0,0.0,0.0
2022,6,U149,58320.0,0.0,58320.0,1.0,0.0
2022,6,U161,0.0,1081.0,-1081.0,0.0,0.0
2022,6,U163,0.0,1636.0,-1636.0,0.0,0.0
2022,6,U165,0.0,48.0,-48.0,0.0,0.0
2022,6,U166,0.0,126.0,-126.0,0.0,0.0
2022,6,U169,0.0,396.0,-396.0,0.0,0.0
2022,6,U171,76300.0,410.0,75890.0,0.9946264744429882,0.005373525557011796
2022,6,U176,0.0,790.0,-790.0,0.0,0.0
2022,6,U181,0.0,293.0,-293.0,0.0,0.0
2022,6,U186,0.0,479.0,-479.0,0.0,0.0
2022,6,U188,0.0,1601.0,-1601.0,0.0,0.0
2022,7,U016,0.0,201.0,-201.0,0.0,0.0
2022,7,U020,0.0,764.0,-764.0,0.0,0.0
2022,7,U022,0.0,616.0,-616.0,0.0,0.0
2022,7,U023,0.0,327.0,-327.0,0.0,0.0
2022,7,U026,0.0,525.0,-525.0,0.0,0.0
2022,7,U027,0.0,1950.0,-1950.0,0.0,0.0
2022,7,U032,0.0,100.0,-100.0,0.0,0.0
2022,7,U039,67973.0,0.0,67973.0,1.0,0.0
2022,7,U046,0.0,1228.0,-1228.0,0.0,0.0
2022,7,U054,0.0,173.0,-173.0,0.0,0.0
2022,7,U057,0.0,1165.0,-1165.0,0.0,0.0
2022,7,U060,0.0,748.0,-748.0,0.0,0.0
2022,7,U062,0.0,132.0,-132.0,0.0,0.0
2022,7,U063,0.0,674.0,-674.0,0.0,0.0
2022,7,U068,0.0,4777.0,-4777.0,0.0,0.0
2022,7,U069,0.0,156.0,-156.0,0.0,0.0
2022,7,U075,0.0,754.0,-754.0,0.0,0.0
2022,7,U083,65337.0,1325.0,64012.0,0.9797205258888532,0.020279474111146823
2022,7,U088,0.0,127.0,-127.0,0.0,0.0
2022,7,U095,0.0,1701.0,-1701.0,0.0,0.0
2022,7,U097,0.0,541.0,-541.0,0.0,0.0
2022,7,U109,0.0,115.0,-115.0,0.0,0.0
2022,7,U130,0.0,912.0,-912.0,0.0,0.0
2022,7,U141,0.0,256.0,-256.0,0.0,0.0
2022,7,U151,58156.0,0.0,58156.0,1.0,0.0
2022,7,U157,0.0,323.0,-323.0,0.0,0.0
2022,7,U163,0.0,198.0,-198.0,0.0,0.0
2022,7,U172,0.0,3904.0,-3904.0,0.0,0.0
2022,7,U176,0.0,93.0,-93.0,0.0,0.0
2022,7,U178,40626.0,0.0,40626.0,1.0,0.0
2022,8,U005,0.0,162.0,-162.0,0.0,0.0
2022,8,U014,0.0,384.0,-384.0,0.0,0.0
2022,8,U019,0.0,645.0,-645.0,0.0,0.0
2022,8,U021,0.0,1348.0,-1348.0,0.0,0.0
2022,8,U024,0.0,1698.0,-1698.0,0.0,0.0
2022,8,U025,0.0,173.0,-173.0,0.0,0.0
2022,8,U027,0.0,90.0,-90.0,0.0,0.0
2022,8,U028,0.0,833.0,-833.0,0.0,0.0
2022,8,U032,0.0,393.0,-393.0,0.0,0.0
2022,8,U034,0.0,230.0,-230.0,0.0,0.0
2022,8,U037,0.0,308.0,-308.0,0.0,0.0
2022,8,U048,0.0,824.0,-824.0,0.0,0.0
2022,8,U052,0.0,272.0,-272.0,0.0,0.0
2022,8,U063,0.0,848.0,-848.0,0.0,0.0
2022,8,U071,0.0,1372.0,-1372.0,0.0,0.0
2022,8,U072,0.0,256.0,-256.0,0.0,0.0
2022,8,U074,0.0,19.0,-19.0,0.0,0.0
2022,8,U090,0.0,104.0,-104.0,0.0,0.0
2022,8,U098,0.0,1126.0,-1126.0,0.0,0.0
2022,8,U101,0.0,185.0,-185.0,0.0,0.0
2022,8,U103,0.0,2967.0,-2967.0,0.0,0.0
2022,8,U104,0.0,238.0,-238.0,0.0,0.0
2022,8,U108,0.0,335.0,-335.0,0.0,0.0
2022,8,U110,0.0,343.0,-343.0,0.0,0.0
2022,8,U111,0.0,3828.0,-3828.0,0.0,0.0
2022,8,U120,0.0,94.0,-94.0,0.0,0.0
2022,8,U121,53777.0,0.0,53777.0,1.0,0.0
2022,8,U122,0.0,1525.0,-1525.0,0.0,0.0
2022,8,U128,0.0,101.0,-101.0,0.0,0.0
2022,8,U132,0.0,672.0,-672.0,0.0,0.0
2022,8,U133,0.0,101.0,-101.0,0.0,0.0
2022,8,U135,0.0,343.0,-343.0,0.0,0.0
2022,8,U140,0.0,462.0,-462.0,0.0,0.0
2022,8,U142,0.0,757.0,-757.0,0.0,0.0
2022,8,U143,0.0,691.0,-691.0,0.0,0.0
2022,8,U150,0.0,42.0,-42.0,0.0,0.0
2022,8,U151,0.0,-397.0,397.0,0.0,0.0
2022,8,U157,93079.0,0.0,93079.0,1.0,0.0
2022,8,U161,0.0,533.0,-533.0,0.0,0.0
2022,8,U179,0.0,197.0,-197.0,0.0,0.0
2022,8,U180,0.0,392.0,-392.0,0.0,0.0
2022,8,U181,0.0,1153.0,-1153.0,0.0,0.0
2022,8,U188,0.0,198.0,-198.0,0.0,0.0
2022,8,U190,0.0,459.0,-459.0,0.0,0.0
2022,8,U192,0.0,474.0,-474.0,0.0,0.0
2022,9,U004,0.0,195.0,-195.0,0.0,0.0
2022,9,U007,0.0,341.0,-341.0,0.0,0.0
2022,9,U009,0.0,2763.0,-2763.0,0.0,0.0
2022,9,U024,0.0,1045.0,-1045.0,0.0,0.0
2022,9,U027,0.0,1201.0,-1201.0,0.0,0.0
2022,9,U040,0.0,28.0,-28.0,0.0,0.0
2022,9,U042,0.0,28.0,-28.0,0.0,0.0
2022,9,U047,0.0,1132.0,-1132.0,0.0,0.0
2022,9,U054,0.0,201.0,-201.0,0.0,0.0
2022,9,U064,79680.0,0.0,79680.0,1.0,0.0
2022,9,U067,0.0,45.0,-45.0,0.0,0.0
2022,9,U071,0.0,2954.0,-2954.0,0.0,0.0
2022,9,U085,0.0,434.0,-434.0,0.0,0.0
2022,9,U089,0.0,165.0,-165.0,0.0,0.0
2022,9,U090,79351.0,0.0,79351.0,1.0,0.0
2022,9,U103,66793.0,0.0,66793.0,1.0,0.0
2022,9,U105,78721.0,621.0,78100.0,0.992111380698924,0.007888619301075952
2022,9,U110,0.0,38.0,-38.0,0.0,0.0
2022,9,U113,0.0,400.0,-400.0,0.0,0.0
2022,9,U120,0.0,1442.0,-1442.0,0.0,0.0
2022,9,U129,0.0,118.0,-118.0,0.0,0.0
2022,9,U133,0.0,1396.0,-1396.0,0.0,0.0
2022,9,U136,0.0,116.0,-116.0,0.0,0.0
2022,9,U145,0.0,547.0,-547.0,0.0,0.0
2022,9,U147,0.0,128.0,-128.0,0.0,0.0
2022,9,U150,0.0,3005.0,-3005.0,0.0,0.0
2022,9,U170,0.0,706.0,-706.0,0.0,0.0
2022,9,U174,68376.0,0.0,68376.0,1.0,0.0
2022,9,U188,0.0,234.0,-234.0,0.0,0.0
2022,10,U003,0.0,770.0,-770.0,0.0,0.0
2022,10,U013,28536.0,0.0,28536.0,1.0,0.0
2022,10,U014,0.0,2506.0,-2506.0,0.0,0.0
2022,10,U016,0.0,1599.0,-1599.0,0.0,0.0
2022,10,U018,0.0,135.0,-135.0,0.0,0.0
2022,10,U020,0.0,736.0,-736.0,0.0,0.0
2022,10,U023,0.0,314.0,-314.0,0.0,0.0
2022,10,U031,0.0,1093.0,-1093.0,0.0,0.0
2022,10,U032,51965.0,0.0,51965.0,1.0,0.0
2022,10,U044,0.0,1723.0,-1723.0,0.0,0.0
2022,10,U045,0.0,503.0,-503.0,0.0,0.0
2022,10,U057,0.0,51.0,-51.0,0.0,0.0
2022,10,U064,0.0,46.0,-46.0,0.0,0.0
2022,10,U065,0.0,1002.0,-1002.0,0.0,0.0
2022,10,U077,0.0,728.0,-728.0,0.0,0.0
2022,10,U078,0.0,3991.0,-3991.0,0.0,0.0
2022,10,U083,0.0,30.0,-30.0,0.0,0.0
2022,10,U084,0.0,75.0,-75.0,0.0,0.0
2022,10,U085,0.0,74.0,-74.0,0.0,0.0
2022,10,U090,0.0,2128.0,-2128.0,0.0,0.0
2022,10,U091,0.0,741.0,-741.0,0.0,0.0
2022,10,U093,0.0,494.0,-494.0,0.0,0.0
2022,10,U094,0.0,80.0,-80.0,0.0,0.0
2022,10,U096,0.0,169.0,-169.0,0.0,0.0
2022,10,U098,0.0,340.0,-340.0,0.0,0.0
2022,10,U099,0.0,192.0,-192.0,0.0,0.0
2022,10,U105,66826.0,0.0,66826.0,1.0,0.0
2022,10,U107,0.0,1304.0,-1304.0,0.0,0.0
2022,10,U110,0.0,494.0,-494.0,0.0,0.0
2022,10,U112,0.0,1350.0,-1350.0,0.0,0.0
2022,10,U113,0.0,3219.0,-3219.0,0.0,0.0
2022,10,U119,0.0,908.0,-908.0,0.0,0.0
2022,10,U123,43933.0,0.0,43933.0,1.0,0.0
2022,10,U129,80354.0,0.0,80354.0,1.0,0.0
2022,10,U138,0.0,817.0,-817.0,0.0,0.0
2022,10,U140,0.0,260.0,-260.0,0.0,0.0
2022,10,U141,0.0,821.0,-821.0,0.0,0.0
2022,10,U143,0.0,298.0,-298.0,0.0,0.0
2022,10,U150,0.0,405.0,-405.0,0.0,0.0
2022,10,U151,29719.0,0.0,29719.0,1.0,0.0
2022,10,U156,0.0,45.0,-45.0,0.0,0.0
2022,10,U167,0.0,374.0,-374.0,0.0,0.0
2022,10,U170,48269.0,0.0,48269.0,1.0,0.0
2022,10,U174,0.0,699.0,-699.0,0.0,0.0
2022,10,U175,47749.0,3417.0,44332.0,0.928438291901401,0.07156170809859892
2022,10,U188,0.0,771.0,-771.0,0.0,0.0
2022,10,U190,0.0,93.0,-93.0,0.0,0.0
2022,11,U001,0.0,102.0,-102.0,0.0,0.0
2022,11,U002,65639.0,0.0,65639.0,1.0,0.0
2022,11,U003,0.0,90.0,-90.0,0.0,0.0
2022,11,U008,0.0,366.0,-366.0,0.0,0.0
2022,11,U013,51984.0,0.0,51984.0,1.0,0.0
2022,11,U025,0.0,999999.0,-999999.0,0.0,0.0
2022,11,U030,0.0,-121.0,121.0,0.0,0.0
2022,11,U031,0.0,200.0,-200.0,0.0,0.0
2022,11,U041,0.0,230.0,-230.0,0.0,0.0
2022,11,U043,0.0,229.0,-229.0,0.0,0.0
2022,11,U044,0.0,314.0,-314.0,0.0,0.0
2022,11,U049,0.0,54.0,-54.0,0.0,0.0
2022,11,U057,69315.0,0.0,69315.0,1.0,0.0
2022,11,U062,0.0,1914.0,-1914.0,0.0,0.0
2022,11,U065,0.0,134.0,-134.0,0.0,0.0
2022,11,U076,0.0,238.0,-238.0,0.0,0.0
2022,11,U082,0.0,1130.0,-1130.0,0.0,0.0
2022,11,U085,0.0,272.0,-272.0,0.0,0.0
2022,11,U086,0.0,260.0,-260.0,0.0,0.0
2022,11,U088,0.0,3084.0,-3084.0,0.0,0.0
2022,11,U097,0.0,2115.0,-2115.0,0.0,0.0
2022,11,U098,0.0,469.0,-469.0,0.0,0.0
2022,11,U105,66880.0,0.0,66880.0,1.0,0.0
2022,11,U107,0.0,354.0,-354.0,0.0,0.0
2022,11,U109,0.0,1518.0,-1518.0,0.0,0.0
2022,11,U111,0.0,817.0,-817.0,0.0,0.0
2022,11,U119,0.0,1491.0,-1491.0,0.0,0.0
2022,11,U124,41974.0,0.0,41974.0,1.0,0.0
2022,11,U135,59559.0,0.0,59559.0,1.0,0.0
2022,11,U155,76761.0,0.0,76761.0,1.0,0.0
2022,11,U163,0.0,338.0,-338.0,0.0,0.0
2022,11,U173,0.0,1696.0,-1696.0,0.0,0.0
2022,11,U176,0.0,1474.0,-1474.0,0.0,0.0
2022,11,U177,57673.0,0.0,57673.0,1.0,0.0
2022,11,U186,0.0,25.0,-25.0,0.0,0.0
2022,11,U188,0.0,912.0,-912.0,0.0,0.0
2022,11,U189,0.0,138.0,-138.0,0.0,0.0
2022,12,U003,0.0,216.0,-216.0,0.0,0.0
2022,12,U012,0.0,21.0,-21.0,0.0,0.0
2022,12,U013,0.0,956.0,-956.0,0.0,0.0
2022,12,U017,40706.0,0.0,40706.0,1.0,0.0
2022,12,U026,0.0,43.0,-43.0,0.0,0.0
2022,12,U030,0.0,1066.0,-1066.0,0.0,0.0
2022,12,U032,0.0,2215.0,-2215.0,0.0,0.0
2022,12,U036,0.0,731.0,-731.0,0.0,0.0
2022,12,U046,0.0,1162.0,-1162.0,0.0,0.0
2022,12,U047,188780.0,0.0,188780.0,1.0,0.0
2022,12,U048,0.0,555.0,-555.0,0.0,0.0
2022,12,U049,66326.0,0.0,66326.0,1.0,0.0
2022,12,U050,87491.0,652.0,86839.0,0.9925478049170772,0.007452195082922815
2022,12,U056,0.0,1380.0,-1380.0,0.0,0.0
2022,12,U057,0.0,146.0,-146.0,0.0,0.0
2022,12,U061,0.0,356.0,-356.0,0.0,0.0
2022,12,U067,25419.0,0.0,25419.0,1.0,0.0
2022,12,U068,50845.0,313.0,50532.0,0.9938440357950634,0.006155964204936572
2022,12,U076,0.0,-498.0,498.0,0.0,0.0
2022,12,U078,30957.0,0.0,30957.0,1.0,0.0
2022,12,U086,0.0,970.0,-970.0,0.0,0.0
2022,12,U091,0.0,606.0,-606.0,0.0,0.0
2022,12,U094,0.0,309.0,-309.0,0.0,0.0
2022,12,U097,0.0,169.0,-169.0,0.0,0.0
2022,12,U117,0.0,404.0,-404.0,0.0,0.0
2022,12,U124,0.0,967.0,-967.0,0.0,0.0
2022,12,U126,66491.0,0.0,66491.0,1.0,0.0
2022,12,U129,0.0,377.0,-377.0,0.0,0.0
2022,12,U130,0.0,1064.0,-1064.0,0.0,0.0
2022,12,U131,99502.0,0.0,99502.0,1.0,0.0
2022,12,U138,0.0,457.0,-457.0,0.0,0.0
2022,12,U139,0.0,1309.0,-1309.0,0.0,0.0
2022,12,U140,0.0,52.0,-52.0,0.0,0.0
2022,12,U141,0.0,164.0,-164.0,0.0,0.0
2022,12,U142,0.0,621.0,-621.0,0.0,0.0
2022,12,U147,0.0,369.0,-369.0,0.0,0.0
2022,12,U150,0.0,394.0,-394.0,0.0,0.0
2022,12,U152,0.0,404.0,-404.0,0.0,0.0
2022,12,U156,0.0,343.0,-343.0,0.0,0.0
2022,12,U157,0.0,305.0,-305.0,0.0,0.0
2022,12,U158,0.0,14.0,-14.0,0.0,0.0
2022,12,U161,78428.0,0.0,78428.0,1.0,0.0
2022,12,U165,0.0,348.0,-348.0,0.0,0.0
2022,12,U166,0.0,1455.0,-1455.0,0.0,0.0
2022,12,U167,0.0,251.0,-251.0,0.0,0.0
2022,12,U169,54173.0,0.0,54173.0,1.0,0.0
2022,12,U170,0.0,1016.0,-1016.0,0.0,0.0
2022,12,U173,0.0,265.0,-265.0,0.0,0.0
2022,12,U175,0.0,123.0,-123.0,0.0,0.0
2022,12,U178,36702.0,0.0,36702.0,1.0,0.0
2022,12,U182,0.0,711.0,-711.0,0.0,0.0
2022,12,U184,78295.0,0.0,78295.0,1.0,0.0
2022,12,U192,0.0,490.0,-490.0,0.0,0.0
